pokedex_id,Egg_groups,gender_male,gender_female,egg_cycles
0001,"['Grass', 'Monster']",87.5, 12.5,"20 (4,884–5,140 steps)"
0002,"['Grass', 'Monster']",87.5, 12.5,"20 (4,884–5,140 steps)"
0003,"['Grass', 'Monster']",87.5, 12.5,"20 (4,884–5,140 steps)"
0003,"['Grass', 'Monster']",87.5, 12.5,"20 (4,884–5,140 steps)"
0004,"['Dragon', 'Monster']",87.5, 12.5,"20 (4,884–5,140 steps)"
0005,"['Dragon', 'Monster']",87.5, 12.5,"20 (4,884–5,140 steps)"
0006,"['Dragon', 'Monster']",87.5, 12.5,"20 (4,884–5,140 steps)"
0006,"['Dragon', 'Monster']",87.5, 12.5,"20 (4,884–5,140 steps)"
0006,"['Dragon', 'Monster']",87.5, 12.5,"20 (4,884–5,140 steps)"
0007,"['Monster', 'Water 1']",87.5, 12.5,"20 (4,884–5,140 steps)"
0008,"['Monster', 'Water 1']",87.5, 12.5,"20 (4,884–5,140 steps)"
0009,"['Monster', 'Water 1']",87.5, 12.5,"20 (4,884–5,140 steps)"
0009,"['Monster', 'Water 1']",87.5, 12.5,"20 (4,884–5,140 steps)"
0010,['Bug'],50, 50,"15 (3,599–3,855 steps)"
0011,['Bug'],50, 50,"15 (3,599–3,855 steps)"
0012,['Bug'],50, 50,"15 (3,599–3,855 steps)"
0013,['Bug'],50, 50,"15 (3,599–3,855 steps)"
0014,['Bug'],50, 50,"15 (3,599–3,855 steps)"
0015,['Bug'],50, 50,"15 (3,599–3,855 steps)"
0015,['Bug'],50, 50,"15 (3,599–3,855 steps)"
0016,['Flying'],50, 50,"15 (3,599–3,855 steps)"
0017,['Flying'],50, 50,"15 (3,599–3,855 steps)"
0018,['Flying'],50, 50,"15 (3,599–3,855 steps)"
0018,['Flying'],50, 50,"15 (3,599–3,855 steps)"
0019,['Field'],50, 50,"15 (3,599–3,855 steps)"
0019,['Field'],50, 50,"15 (3,599–3,855 steps)"
0020,['Field'],50, 50,"15 (3,599–3,855 steps)"
0020,['Field'],50, 50,"15 (3,599–3,855 steps)"
0021,['Flying'],50, 50,"15 (3,599–3,855 steps)"
0022,['Flying'],50, 50,"15 (3,599–3,855 steps)"
0023,"['Dragon', 'Field']",50, 50,"20 (4,884–5,140 steps)"
0024,"['Dragon', 'Field']",50, 50,"20 (4,884–5,140 steps)"
0025,"['Fairy', 'Field']",50, 50,"10 (2,314–2,570 steps)"
0025,"['Fairy', 'Field']",50, 50,"10 (2,314–2,570 steps)"
0026,"['Fairy', 'Field']",50, 50,"10 (2,314–2,570 steps)"
0026,"['Fairy', 'Field']",50, 50,"10 (2,314–2,570 steps)"
0027,['Field'],50, 50,"20 (4,884–5,140 steps)"
0027,['Field'],50, 50,"20 (4,884–5,140 steps)"
0028,['Field'],50, 50,"20 (4,884–5,140 steps)"
0028,['Field'],50, 50,"20 (4,884–5,140 steps)"
0029,"['Field', 'Monster']",0, 100,"20 (4,884–5,140 steps)"
0030,['Undiscovered'],0, 100,"20 (4,884–5,140 steps)"
0031,['Undiscovered'],0, 100,"20 (4,884–5,140 steps)"
0032,"['Field', 'Monster']",100, 0,"20 (4,884–5,140 steps)"
0033,"['Field', 'Monster']",100, 0,"20 (4,884–5,140 steps)"
0034,"['Field', 'Monster']",100, 0,"20 (4,884–5,140 steps)"
0035,['Fairy'],25, 75,"10 (2,314–2,570 steps)"
0036,['Fairy'],25, 75,"10 (2,314–2,570 steps)"
0037,['Field'],25, 75,"20 (4,884–5,140 steps)"
0037,['Field'],25, 75,"20 (4,884–5,140 steps)"
0038,['Field'],25, 75,"20 (4,884–5,140 steps)"
0038,['Field'],25, 75,"20 (4,884–5,140 steps)"
0039,['Fairy'],25, 75,"10 (2,314–2,570 steps)"
0040,['Fairy'],25, 75,"10 (2,314–2,570 steps)"
0041,['Flying'],50, 50,"15 (3,599–3,855 steps)"
0042,['Flying'],50, 50,"15 (3,599–3,855 steps)"
0043,['Grass'],50, 50,"20 (4,884–5,140 steps)"
0044,['Grass'],50, 50,"20 (4,884–5,140 steps)"
0045,['Grass'],50, 50,"20 (4,884–5,140 steps)"
0046,"['Bug', 'Grass']",50, 50,"20 (4,884–5,140 steps)"
0047,"['Bug', 'Grass']",50, 50,"20 (4,884–5,140 steps)"
0048,['Bug'],50, 50,"20 (4,884–5,140 steps)"
0049,['Bug'],50, 50,"20 (4,884–5,140 steps)"
0050,['Field'],50, 50,"20 (4,884–5,140 steps)"
0050,['Field'],50, 50,"20 (4,884–5,140 steps)"
0051,['Field'],50, 50,"20 (4,884–5,140 steps)"
0051,['Field'],50, 50,"20 (4,884–5,140 steps)"
0052,['Field'],50, 50,"20 (4,884–5,140 steps)"
0052,['Field'],50, 50,"20 (4,884–5,140 steps)"
0052,['Field'],50, 50,"20 (4,884–5,140 steps)"
0053,['Field'],50, 50,"20 (4,884–5,140 steps)"
0053,['Field'],50, 50,"20 (4,884–5,140 steps)"
0054,"['Field', 'Water 1']",50, 50,"20 (4,884–5,140 steps)"
0055,"['Field', 'Water 1']",50, 50,"20 (4,884–5,140 steps)"
0056,['Field'],50, 50,"20 (4,884–5,140 steps)"
0057,['Field'],50, 50,"20 (4,884–5,140 steps)"
0058,['Field'],75, 25,"20 (4,884–5,140 steps)"
0058,['Field'],75, 25,"20 (4,884–5,140 steps)"
0059,['Field'],75, 25,"20 (4,884–5,140 steps)"
0059,['Field'],75, 25,"20 (4,884–5,140 steps)"
0060,['Water 1'],50, 50,"20 (4,884–5,140 steps)"
0061,['Water 1'],50, 50,"20 (4,884–5,140 steps)"
0062,['Water 1'],50, 50,"20 (4,884–5,140 steps)"
0063,['Human-Like'],75, 25,"20 (4,884–5,140 steps)"
0064,['Human-Like'],75, 25,"20 (4,884–5,140 steps)"
0065,['Human-Like'],75, 25,"20 (4,884–5,140 steps)"
0065,['Human-Like'],75, 25,"20 (4,884–5,140 steps)"
0066,['Human-Like'],75, 25,"20 (4,884–5,140 steps)"
0067,['Human-Like'],75, 25,"20 (4,884–5,140 steps)"
0068,['Human-Like'],75, 25,"20 (4,884–5,140 steps)"
0069,['Grass'],50, 50,"20 (4,884–5,140 steps)"
0070,['Grass'],50, 50,"20 (4,884–5,140 steps)"
0071,['Grass'],50, 50,"20 (4,884–5,140 steps)"
0072,['Water 3'],50, 50,"20 (4,884–5,140 steps)"
0073,['Water 3'],50, 50,"20 (4,884–5,140 steps)"
0074,['Mineral'],50, 50,"15 (3,599–3,855 steps)"
0074,['Mineral'],50, 50,"15 (3,599–3,855 steps)"
0075,['Mineral'],50, 50,"15 (3,599–3,855 steps)"
0075,['Mineral'],50, 50,"15 (3,599–3,855 steps)"
0076,['Mineral'],50, 50,"15 (3,599–3,855 steps)"
0076,['Mineral'],50, 50,"15 (3,599–3,855 steps)"
0077,['Field'],50, 50,"20 (4,884–5,140 steps)"
0077,['Field'],50, 50,"20 (4,884–5,140 steps)"
0078,['Field'],50, 50,"20 (4,884–5,140 steps)"
0078,['Field'],50, 50,"20 (4,884–5,140 steps)"
0079,"['Monster', 'Water 1']",50, 50,"20 (4,884–5,140 steps)"
0079,"['Monster', 'Water 1']",50, 50,"20 (4,884–5,140 steps)"
0080,"['Monster', 'Water 1']",50, 50,"20 (4,884–5,140 steps)"
0080,"['Monster', 'Water 1']",50, 50,"20 (4,884–5,140 steps)"
0080,"['Monster', 'Water 1']",50, 50,"20 (4,884–5,140 steps)"
0081,['Mineral'],Genderless,Genderless,"20 (4,884–5,140 steps)"
0082,['Mineral'],Genderless,Genderless,"20 (4,884–5,140 steps)"
0083,"['Field', 'Flying']",50, 50,"20 (4,884–5,140 steps)"
0083,"['Field', 'Flying']",50, 50,"20 (4,884–5,140 steps)"
0084,['Flying'],50, 50,"20 (4,884–5,140 steps)"
0085,['Flying'],50, 50,"20 (4,884–5,140 steps)"
0086,"['Field', 'Water 1']",50, 50,"20 (4,884–5,140 steps)"
0087,"['Field', 'Water 1']",50, 50,"20 (4,884–5,140 steps)"
0088,['Amorphous'],50, 50,"20 (4,884–5,140 steps)"
0088,['Amorphous'],50, 50,"20 (4,884–5,140 steps)"
0089,['Amorphous'],50, 50,"20 (4,884–5,140 steps)"
0089,['Amorphous'],50, 50,"20 (4,884–5,140 steps)"
0090,['Water 3'],50, 50,"20 (4,884–5,140 steps)"
0091,['Water 3'],50, 50,"20 (4,884–5,140 steps)"
0092,['Amorphous'],50, 50,"20 (4,884–5,140 steps)"
0093,['Amorphous'],50, 50,"20 (4,884–5,140 steps)"
0094,['Amorphous'],50, 50,"20 (4,884–5,140 steps)"
0094,['Amorphous'],50, 50,"20 (4,884–5,140 steps)"
0095,['Mineral'],50, 50,"25 (6,169–6,425 steps)"
0096,['Human-Like'],50, 50,"20 (4,884–5,140 steps)"
0097,['Human-Like'],50, 50,"20 (4,884–5,140 steps)"
0098,['Water 3'],50, 50,"20 (4,884–5,140 steps)"
0099,['Water 3'],50, 50,"20 (4,884–5,140 steps)"
0100,['Mineral'],Genderless,Genderless,"20 (4,884–5,140 steps)"
0100,['Mineral'],Genderless,Genderless,"20 (4,884–5,140 steps)"
0101,['Mineral'],Genderless,Genderless,"20 (4,884–5,140 steps)"
0101,['Mineral'],Genderless,Genderless,"20 (4,884–5,140 steps)"
0102,['Grass'],50, 50,"20 (4,884–5,140 steps)"
0103,['Grass'],50, 50,"20 (4,884–5,140 steps)"
0103,['Grass'],50, 50,"20 (4,884–5,140 steps)"
0104,['Monster'],50, 50,"20 (4,884–5,140 steps)"
0105,['Monster'],50, 50,"20 (4,884–5,140 steps)"
0105,['Monster'],50, 50,"20 (4,884–5,140 steps)"
0106,['Human-Like'],100, 0,"25 (6,169–6,425 steps)"
0107,['Human-Like'],100, 0,"25 (6,169–6,425 steps)"
0108,['Monster'],50, 50,"20 (4,884–5,140 steps)"
0109,['Amorphous'],50, 50,"20 (4,884–5,140 steps)"
0110,['Amorphous'],50, 50,"20 (4,884–5,140 steps)"
0110,['Amorphous'],50, 50,"20 (4,884–5,140 steps)"
0111,"['Field', 'Monster']",50, 50,"20 (4,884–5,140 steps)"
0112,"['Field', 'Monster']",50, 50,"20 (4,884–5,140 steps)"
0113,['Fairy'],0, 100,"40 (10,024–10,280 steps)"
0114,['Grass'],50, 50,"20 (4,884–5,140 steps)"
0115,['Monster'],0, 100,"20 (4,884–5,140 steps)"
0115,['Monster'],0, 100,"20 (4,884–5,140 steps)"
0116,"['Dragon', 'Water 1']",50, 50,"20 (4,884–5,140 steps)"
0117,"['Dragon', 'Water 1']",50, 50,"20 (4,884–5,140 steps)"
0118,['Water 2'],50, 50,"20 (4,884–5,140 steps)"
0119,['Water 2'],50, 50,"20 (4,884–5,140 steps)"
0120,['Water 3'],Genderless,Genderless,"20 (4,884–5,140 steps)"
0121,['Water 3'],Genderless,Genderless,"20 (4,884–5,140 steps)"
0122,['Human-Like'],50, 50,"25 (6,169–6,425 steps)"
0122,['Human-Like'],50, 50,"25 (6,169–6,425 steps)"
0123,['Bug'],50, 50,"25 (6,169–6,425 steps)"
0124,['Human-Like'],0, 100,"25 (6,169–6,425 steps)"
0125,['Human-Like'],75, 25,"25 (6,169–6,425 steps)"
0126,['Human-Like'],75, 25,"25 (6,169–6,425 steps)"
0127,['Bug'],50, 50,"25 (6,169–6,425 steps)"
0127,['Bug'],50, 50,"25 (6,169–6,425 steps)"
0128,['Field'],100, 0,"20 (4,884–5,140 steps)"
0128,['Field'],100, 0,"20 (4,884–5,140 steps)"
0128,['Field'],100, 0,"20 (4,884–5,140 steps)"
0128,['Field'],100, 0,"20 (4,884–5,140 steps)"
0129,"['Dragon', 'Water 2']",50, 50,"5 (1,029–1,285 steps)"
0130,"['Dragon', 'Water 2']",50, 50,"5 (1,029–1,285 steps)"
0130,"['Dragon', 'Water 2']",50, 50,"5 (1,029–1,285 steps)"
0131,"['Monster', 'Water 1']",50, 50,"40 (10,024–10,280 steps)"
0132,['Ditto'],Genderless,Genderless,"20 (4,884–5,140 steps)"
0133,['Field'],87.5, 12.5,"35 (8,739–8,995 steps)"
0133,['Field'],87.5, 12.5,"35 (8,739–8,995 steps)"
0134,['Field'],87.5, 12.5,"35 (8,739–8,995 steps)"
0135,['Field'],87.5, 12.5,"35 (8,739–8,995 steps)"
0136,['Field'],87.5, 12.5,"35 (8,739–8,995 steps)"
0137,['Mineral'],Genderless,Genderless,"20 (4,884–5,140 steps)"
0138,"['Water 1', 'Water 3']",87.5, 12.5,"30 (7,454–7,710 steps)"
0139,"['Water 1', 'Water 3']",87.5, 12.5,"30 (7,454–7,710 steps)"
0140,"['Water 1', 'Water 3']",87.5, 12.5,"30 (7,454–7,710 steps)"
0141,"['Water 1', 'Water 3']",87.5, 12.5,"30 (7,454–7,710 steps)"
0142,['Flying'],87.5, 12.5,"35 (8,739–8,995 steps)"
0142,['Flying'],87.5, 12.5,"35 (8,739–8,995 steps)"
0143,['Monster'],87.5, 12.5,"40 (10,024–10,280 steps)"
0144,['Undiscovered'],Genderless,Genderless,"80 (20,304–20,560 steps)"
0144,['Undiscovered'],Genderless,Genderless,"80 (20,304–20,560 steps)"
0145,['Undiscovered'],Genderless,Genderless,"80 (20,304–20,560 steps)"
0145,['Undiscovered'],Genderless,Genderless,"80 (20,304–20,560 steps)"
0146,['Undiscovered'],Genderless,Genderless,"80 (20,304–20,560 steps)"
0146,['Undiscovered'],Genderless,Genderless,"80 (20,304–20,560 steps)"
0147,"['Dragon', 'Water 1']",50, 50,"40 (10,024–10,280 steps)"
0148,"['Dragon', 'Water 1']",50, 50,"40 (10,024–10,280 steps)"
0149,"['Dragon', 'Water 1']",50, 50,"40 (10,024–10,280 steps)"
0150,['Undiscovered'],Genderless,Genderless,"120 (30,584–30,840 steps)"
0150,['Undiscovered'],Genderless,Genderless,"120 (30,584–30,840 steps)"
0150,['Undiscovered'],Genderless,Genderless,"120 (30,584–30,840 steps)"
0151,['Undiscovered'],Genderless,Genderless,"120 (30,584–30,840 steps)"
0152,"['Grass', 'Monster']",87.5, 12.5,"20 (4,884–5,140 steps)"
0153,"['Grass', 'Monster']",87.5, 12.5,"20 (4,884–5,140 steps)"
0154,"['Grass', 'Monster']",87.5, 12.5,"20 (4,884–5,140 steps)"
0155,['Field'],87.5, 12.5,"20 (4,884–5,140 steps)"
0156,['Field'],87.5, 12.5,"20 (4,884–5,140 steps)"
0157,['Field'],87.5, 12.5,"20 (4,884–5,140 steps)"
0157,['Field'],87.5, 12.5,"20 (4,884–5,140 steps)"
0158,"['Monster', 'Water 1']",87.5, 12.5,"20 (4,884–5,140 steps)"
0159,"['Monster', 'Water 1']",87.5, 12.5,"20 (4,884–5,140 steps)"
0160,"['Monster', 'Water 1']",87.5, 12.5,"20 (4,884–5,140 steps)"
0161,['Field'],50, 50,"15 (3,599–3,855 steps)"
0162,['Field'],50, 50,"15 (3,599–3,855 steps)"
0163,['Flying'],50, 50,"15 (3,599–3,855 steps)"
0164,['Flying'],50, 50,"15 (3,599–3,855 steps)"
0165,['Bug'],50, 50,"15 (3,599–3,855 steps)"
0166,['Bug'],50, 50,"15 (3,599–3,855 steps)"
0167,['Bug'],50, 50,"15 (3,599–3,855 steps)"
0168,['Bug'],50, 50,"15 (3,599–3,855 steps)"
0169,['Flying'],50, 50,"15 (3,599–3,855 steps)"
0170,['Water 2'],50, 50,"20 (4,884–5,140 steps)"
0171,['Water 2'],50, 50,"20 (4,884–5,140 steps)"
0172,['Undiscovered'],50, 50,"10 (2,314–2,570 steps)"
0173,['Undiscovered'],25, 75,"10 (2,314–2,570 steps)"
0174,['Undiscovered'],25, 75,"10 (2,314–2,570 steps)"
0175,['Undiscovered'],87.5, 12.5,"10 (2,314–2,570 steps)"
0176,"['Fairy', 'Flying']",87.5, 12.5,"10 (2,314–2,570 steps)"
0177,['Flying'],50, 50,"20 (4,884–5,140 steps)"
0178,['Flying'],50, 50,"20 (4,884–5,140 steps)"
0179,"['Field', 'Monster']",50, 50,"20 (4,884–5,140 steps)"
0180,"['Field', 'Monster']",50, 50,"20 (4,884–5,140 steps)"
0181,"['Field', 'Monster']",50, 50,"20 (4,884–5,140 steps)"
0181,"['Field', 'Monster']",50, 50,"20 (4,884–5,140 steps)"
0182,['Grass'],50, 50,"20 (4,884–5,140 steps)"
0183,"['Fairy', 'Water 1']",50, 50,"10 (2,314–2,570 steps)"
0184,"['Fairy', 'Water 1']",50, 50,"10 (2,314–2,570 steps)"
0185,['Mineral'],50, 50,"20 (4,884–5,140 steps)"
0186,['Water 1'],50, 50,"20 (4,884–5,140 steps)"
0187,"['Fairy', 'Grass']",50, 50,"20 (4,884–5,140 steps)"
0188,"['Fairy', 'Grass']",50, 50,"20 (4,884–5,140 steps)"
0189,"['Fairy', 'Grass']",50, 50,"20 (4,884–5,140 steps)"
0190,['Field'],50, 50,"20 (4,884–5,140 steps)"
0191,['Grass'],50, 50,"20 (4,884–5,140 steps)"
0192,['Grass'],50, 50,"20 (4,884–5,140 steps)"
0193,['Bug'],50, 50,"20 (4,884–5,140 steps)"
0194,"['Field', 'Water 1']",50, 50,"20 (4,884–5,140 steps)"
0194,"['Field', 'Water 1']",50, 50,"20 (4,884–5,140 steps)"
0195,"['Field', 'Water 1']",50, 50,"20 (4,884–5,140 steps)"
0196,['Field'],87.5, 12.5,"35 (8,739–8,995 steps)"
0197,['Field'],87.5, 12.5,"35 (8,739–8,995 steps)"
0198,['Flying'],50, 50,"20 (4,884–5,140 steps)"
0199,"['Monster', 'Water 1']",50, 50,"20 (4,884–5,140 steps)"
0199,"['Monster', 'Water 1']",50, 50,"20 (4,884–5,140 steps)"
0200,['Amorphous'],50, 50,"25 (6,169–6,425 steps)"
0201,['Undiscovered'],Genderless,Genderless,"40 (10,024–10,280 steps)"
0202,['Amorphous'],50, 50,"20 (4,884–5,140 steps)"
0203,['Field'],50, 50,"20 (4,884–5,140 steps)"
0204,['Bug'],50, 50,"20 (4,884–5,140 steps)"
0205,['Bug'],50, 50,"20 (4,884–5,140 steps)"
0206,['Field'],50, 50,"20 (4,884–5,140 steps)"
0207,['Bug'],50, 50,"20 (4,884–5,140 steps)"
0208,['Mineral'],50, 50,"25 (6,169–6,425 steps)"
0208,['Mineral'],50, 50,"25 (6,169–6,425 steps)"
0209,"['Fairy', 'Field']",25, 75,"20 (4,884–5,140 steps)"
0210,"['Fairy', 'Field']",25, 75,"20 (4,884–5,140 steps)"
0211,['Water 2'],50, 50,"20 (4,884–5,140 steps)"
0211,['Water 2'],50, 50,"20 (4,884–5,140 steps)"
0212,['Bug'],50, 50,"25 (6,169–6,425 steps)"
0212,['Bug'],50, 50,"25 (6,169–6,425 steps)"
0213,['Bug'],50, 50,"20 (4,884–5,140 steps)"
0214,['Bug'],50, 50,"25 (6,169–6,425 steps)"
0214,['Bug'],50, 50,"25 (6,169–6,425 steps)"
0215,['Field'],50, 50,"20 (4,884–5,140 steps)"
0215,['Field'],50, 50,"20 (4,884–5,140 steps)"
0216,['Field'],50, 50,"20 (4,884–5,140 steps)"
0217,['Field'],50, 50,"20 (4,884–5,140 steps)"
0218,['Amorphous'],50, 50,"20 (4,884–5,140 steps)"
0219,['Amorphous'],50, 50,"20 (4,884–5,140 steps)"
0220,['Field'],50, 50,"20 (4,884–5,140 steps)"
0221,['Field'],50, 50,"20 (4,884–5,140 steps)"
0222,"['Water 1', 'Water 3']",25, 75,"20 (4,884–5,140 steps)"
0222,"['Water 1', 'Water 3']",25, 75,"20 (4,884–5,140 steps)"
0223,"['Water 1', 'Water 2']",50, 50,"20 (4,884–5,140 steps)"
0224,"['Water 1', 'Water 2']",50, 50,"20 (4,884–5,140 steps)"
0225,"['Field', 'Water 1']",50, 50,"20 (4,884–5,140 steps)"
0226,['Water 1'],50, 50,"25 (6,169–6,425 steps)"
0227,['Flying'],50, 50,"25 (6,169–6,425 steps)"
0228,['Field'],50, 50,"20 (4,884–5,140 steps)"
0229,['Field'],50, 50,"20 (4,884–5,140 steps)"
0229,['Field'],50, 50,"20 (4,884–5,140 steps)"
0230,"['Dragon', 'Water 1']",50, 50,"20 (4,884–5,140 steps)"
0231,['Field'],50, 50,"20 (4,884–5,140 steps)"
0232,['Field'],50, 50,"20 (4,884–5,140 steps)"
0233,['Mineral'],Genderless,Genderless,"20 (4,884–5,140 steps)"
0234,['Field'],50, 50,"20 (4,884–5,140 steps)"
0235,['Field'],50, 50,"20 (4,884–5,140 steps)"
0236,['Undiscovered'],100, 0,"25 (6,169–6,425 steps)"
0237,['Human-Like'],100, 0,"25 (6,169–6,425 steps)"
0238,['Undiscovered'],0, 100,"25 (6,169–6,425 steps)"
0239,['Undiscovered'],75, 25,"25 (6,169–6,425 steps)"
0240,['Undiscovered'],75, 25,"25 (6,169–6,425 steps)"
0241,['Field'],0, 100,"20 (4,884–5,140 steps)"
0242,['Fairy'],0, 100,"40 (10,024–10,280 steps)"
0243,['Undiscovered'],Genderless,Genderless,"80 (20,304–20,560 steps)"
0244,['Undiscovered'],Genderless,Genderless,"80 (20,304–20,560 steps)"
0245,['Undiscovered'],Genderless,Genderless,"80 (20,304–20,560 steps)"
0246,['Monster'],50, 50,"40 (10,024–10,280 steps)"
0247,['Monster'],50, 50,"40 (10,024–10,280 steps)"
0248,['Monster'],50, 50,"40 (10,024–10,280 steps)"
0248,['Monster'],50, 50,"40 (10,024–10,280 steps)"
0249,['Undiscovered'],Genderless,Genderless,"120 (30,584–30,840 steps)"
0250,['Undiscovered'],Genderless,Genderless,"120 (30,584–30,840 steps)"
0251,['Undiscovered'],Genderless,Genderless,"120 (30,584–30,840 steps)"
0252,"['Dragon', 'Monster']",87.5, 12.5,"20 (4,884–5,140 steps)"
0253,"['Dragon', 'Monster']",87.5, 12.5,"20 (4,884–5,140 steps)"
0254,"['Dragon', 'Monster']",87.5, 12.5,"20 (4,884–5,140 steps)"
0254,"['Dragon', 'Monster']",87.5, 12.5,"20 (4,884–5,140 steps)"
0255,['Field'],87.5, 12.5,"20 (4,884–5,140 steps)"
0256,['Field'],87.5, 12.5,"20 (4,884–5,140 steps)"
0257,['Field'],87.5, 12.5,"20 (4,884–5,140 steps)"
0257,['Field'],87.5, 12.5,"20 (4,884–5,140 steps)"
0258,"['Monster', 'Water 1']",87.5, 12.5,"20 (4,884–5,140 steps)"
0259,"['Monster', 'Water 1']",87.5, 12.5,"20 (4,884–5,140 steps)"
0260,"['Monster', 'Water 1']",87.5, 12.5,"20 (4,884–5,140 steps)"
0260,"['Monster', 'Water 1']",87.5, 12.5,"20 (4,884–5,140 steps)"
0261,['Field'],50, 50,"15 (3,599–3,855 steps)"
0262,['Field'],50, 50,"15 (3,599–3,855 steps)"
0263,['Field'],50, 50,"15 (3,599–3,855 steps)"
0263,['Field'],50, 50,"15 (3,599–3,855 steps)"
0264,['Field'],50, 50,"15 (3,599–3,855 steps)"
0264,['Field'],50, 50,"15 (3,599–3,855 steps)"
0265,['Bug'],50, 50,"15 (3,599–3,855 steps)"
0266,['Bug'],50, 50,"15 (3,599–3,855 steps)"
0267,['Bug'],50, 50,"15 (3,599–3,855 steps)"
0268,['Bug'],50, 50,"15 (3,599–3,855 steps)"
0269,['Bug'],50, 50,"15 (3,599–3,855 steps)"
0270,"['Grass', 'Water 1']",50, 50,"15 (3,599–3,855 steps)"
0271,"['Grass', 'Water 1']",50, 50,"15 (3,599–3,855 steps)"
0272,"['Grass', 'Water 1']",50, 50,"15 (3,599–3,855 steps)"
0273,"['Field', 'Grass']",50, 50,"15 (3,599–3,855 steps)"
0274,"['Field', 'Grass']",50, 50,"15 (3,599–3,855 steps)"
0275,"['Field', 'Grass']",50, 50,"15 (3,599–3,855 steps)"
0276,['Flying'],50, 50,"15 (3,599–3,855 steps)"
0277,['Flying'],50, 50,"15 (3,599–3,855 steps)"
0278,"['Flying', 'Water 1']",50, 50,"20 (4,884–5,140 steps)"
0279,"['Flying', 'Water 1']",50, 50,"20 (4,884–5,140 steps)"
0280,"['Amorphous', 'Human-Like']",50, 50,"20 (4,884–5,140 steps)"
0281,"['Amorphous', 'Human-Like']",50, 50,"20 (4,884–5,140 steps)"
0282,"['Amorphous', 'Human-Like']",50, 50,"20 (4,884–5,140 steps)"
0282,"['Amorphous', 'Human-Like']",50, 50,"20 (4,884–5,140 steps)"
0283,"['Bug', 'Water 1']",50, 50,"15 (3,599–3,855 steps)"
0284,"['Bug', 'Water 1']",50, 50,"15 (3,599–3,855 steps)"
0285,"['Fairy', 'Grass']",50, 50,"15 (3,599–3,855 steps)"
0286,"['Fairy', 'Grass']",50, 50,"15 (3,599–3,855 steps)"
0287,['Field'],50, 50,"15 (3,599–3,855 steps)"
0288,['Field'],50, 50,"15 (3,599–3,855 steps)"
0289,['Field'],50, 50,"15 (3,599–3,855 steps)"
0290,['Bug'],50, 50,"15 (3,599–3,855 steps)"
0291,['Bug'],50, 50,"15 (3,599–3,855 steps)"
0292,['Mineral'],Genderless,Genderless,"15 (3,599–3,855 steps)"
0293,"['Field', 'Monster']",50, 50,"20 (4,884–5,140 steps)"
0294,"['Field', 'Monster']",50, 50,"20 (4,884–5,140 steps)"
0295,"['Field', 'Monster']",50, 50,"20 (4,884–5,140 steps)"
0296,['Human-Like'],75, 25,"20 (4,884–5,140 steps)"
0297,['Human-Like'],75, 25,"20 (4,884–5,140 steps)"
0298,['Undiscovered'],25, 75,"10 (2,314–2,570 steps)"
0299,['Mineral'],50, 50,"20 (4,884–5,140 steps)"
0300,"['Fairy', 'Field']",25, 75,"15 (3,599–3,855 steps)"
0301,"['Fairy', 'Field']",25, 75,"15 (3,599–3,855 steps)"
0302,['Human-Like'],50, 50,"25 (6,169–6,425 steps)"
0302,['Human-Like'],50, 50,"25 (6,169–6,425 steps)"
0303,"['Fairy', 'Field']",50, 50,"20 (4,884–5,140 steps)"
0303,"['Fairy', 'Field']",50, 50,"20 (4,884–5,140 steps)"
0304,['Monster'],50, 50,"35 (8,739–8,995 steps)"
0305,['Monster'],50, 50,"35 (8,739–8,995 steps)"
0306,['Monster'],50, 50,"35 (8,739–8,995 steps)"
0306,['Monster'],50, 50,"35 (8,739–8,995 steps)"
0307,['Human-Like'],50, 50,"20 (4,884–5,140 steps)"
0308,['Human-Like'],50, 50,"20 (4,884–5,140 steps)"
0308,['Human-Like'],50, 50,"20 (4,884–5,140 steps)"
0309,['Field'],50, 50,"20 (4,884–5,140 steps)"
0310,['Field'],50, 50,"20 (4,884–5,140 steps)"
0310,['Field'],50, 50,"20 (4,884–5,140 steps)"
0311,['Fairy'],50, 50,"20 (4,884–5,140 steps)"
0312,['Fairy'],50, 50,"20 (4,884–5,140 steps)"
0313,"['Bug', 'Human-Like']",100, 0,"15 (3,599–3,855 steps)"
0314,"['Bug', 'Human-Like']",0, 100,"15 (3,599–3,855 steps)"
0315,"['Fairy', 'Grass']",50, 50,"20 (4,884–5,140 steps)"
0316,['Amorphous'],50, 50,"20 (4,884–5,140 steps)"
0317,['Amorphous'],50, 50,"20 (4,884–5,140 steps)"
0318,['Water 2'],50, 50,"20 (4,884–5,140 steps)"
0319,['Water 2'],50, 50,"20 (4,884–5,140 steps)"
0319,['Water 2'],50, 50,"20 (4,884–5,140 steps)"
0320,"['Field', 'Water 2']",50, 50,"40 (10,024–10,280 steps)"
0321,"['Field', 'Water 2']",50, 50,"40 (10,024–10,280 steps)"
0322,['Field'],50, 50,"20 (4,884–5,140 steps)"
0323,['Field'],50, 50,"20 (4,884–5,140 steps)"
0323,['Field'],50, 50,"20 (4,884–5,140 steps)"
0324,['Field'],50, 50,"20 (4,884–5,140 steps)"
0325,['Field'],50, 50,"20 (4,884–5,140 steps)"
0326,['Field'],50, 50,"20 (4,884–5,140 steps)"
0327,"['Field', 'Human-Like']",50, 50,"15 (3,599–3,855 steps)"
0328,"['Bug', 'Dragon']",50, 50,"20 (4,884–5,140 steps)"
0329,"['Bug', 'Dragon']",50, 50,"20 (4,884–5,140 steps)"
0330,"['Bug', 'Dragon']",50, 50,"20 (4,884–5,140 steps)"
0331,"['Grass', 'Human-Like']",50, 50,"20 (4,884–5,140 steps)"
0332,"['Grass', 'Human-Like']",50, 50,"20 (4,884–5,140 steps)"
0333,"['Dragon', 'Flying']",50, 50,"20 (4,884–5,140 steps)"
0334,"['Dragon', 'Flying']",50, 50,"20 (4,884–5,140 steps)"
0334,"['Dragon', 'Flying']",50, 50,"20 (4,884–5,140 steps)"
0335,['Field'],50, 50,"20 (4,884–5,140 steps)"
0336,"['Dragon', 'Field']",50, 50,"20 (4,884–5,140 steps)"
0337,['Mineral'],Genderless,Genderless,"25 (6,169–6,425 steps)"
0338,['Mineral'],Genderless,Genderless,"25 (6,169–6,425 steps)"
0339,['Water 2'],50, 50,"20 (4,884–5,140 steps)"
0340,['Water 2'],50, 50,"20 (4,884–5,140 steps)"
0341,"['Water 1', 'Water 3']",50, 50,"15 (3,599–3,855 steps)"
0342,"['Water 1', 'Water 3']",50, 50,"15 (3,599–3,855 steps)"
0343,['Mineral'],Genderless,Genderless,"20 (4,884–5,140 steps)"
0344,['Mineral'],Genderless,Genderless,"20 (4,884–5,140 steps)"
0345,['Water 3'],87.5, 12.5,"30 (7,454–7,710 steps)"
0346,['Water 3'],87.5, 12.5,"30 (7,454–7,710 steps)"
0347,['Water 3'],87.5, 12.5,"30 (7,454–7,710 steps)"
0348,['Water 3'],87.5, 12.5,"30 (7,454–7,710 steps)"
0349,"['Dragon', 'Water 1']",50, 50,"20 (4,884–5,140 steps)"
0350,"['Dragon', 'Water 1']",50, 50,"20 (4,884–5,140 steps)"
0351,"['Amorphous', 'Fairy']",50, 50,"25 (6,169–6,425 steps)"
0351,"['Amorphous', 'Fairy']",50, 50,"25 (6,169–6,425 steps)"
0351,"['Amorphous', 'Fairy']",50, 50,"25 (6,169–6,425 steps)"
0351,"['Amorphous', 'Fairy']",50, 50,"25 (6,169–6,425 steps)"
0352,['Field'],50, 50,"20 (4,884–5,140 steps)"
0353,['Amorphous'],50, 50,"25 (6,169–6,425 steps)"
0354,['Amorphous'],50, 50,"25 (6,169–6,425 steps)"
0354,['Amorphous'],50, 50,"25 (6,169–6,425 steps)"
0355,['Amorphous'],50, 50,"25 (6,169–6,425 steps)"
0356,['Amorphous'],50, 50,"25 (6,169–6,425 steps)"
0357,"['Grass', 'Monster']",50, 50,"25 (6,169–6,425 steps)"
0358,['Amorphous'],50, 50,"25 (6,169–6,425 steps)"
0359,['Field'],50, 50,"25 (6,169–6,425 steps)"
0359,['Field'],50, 50,"25 (6,169–6,425 steps)"
0360,['Undiscovered'],50, 50,"20 (4,884–5,140 steps)"
0361,"['Fairy', 'Mineral']",50, 50,"20 (4,884–5,140 steps)"
0362,"['Fairy', 'Mineral']",50, 50,"20 (4,884–5,140 steps)"
0362,"['Fairy', 'Mineral']",50, 50,"20 (4,884–5,140 steps)"
0363,"['Field', 'Water 1']",50, 50,"20 (4,884–5,140 steps)"
0364,"['Field', 'Water 1']",50, 50,"20 (4,884–5,140 steps)"
0365,"['Field', 'Water 1']",50, 50,"20 (4,884–5,140 steps)"
0366,['Water 1'],50, 50,"20 (4,884–5,140 steps)"
0367,['Water 1'],50, 50,"20 (4,884–5,140 steps)"
0368,['Water 1'],50, 50,"20 (4,884–5,140 steps)"
0369,"['Water 1', 'Water 2']",87.5, 12.5,"40 (10,024–10,280 steps)"
0370,['Water 2'],25, 75,"20 (4,884–5,140 steps)"
0371,['Dragon'],50, 50,"40 (10,024–10,280 steps)"
0372,['Dragon'],50, 50,"40 (10,024–10,280 steps)"
0373,['Dragon'],50, 50,"40 (10,024–10,280 steps)"
0373,['Dragon'],50, 50,"40 (10,024–10,280 steps)"
0374,['Mineral'],Genderless,Genderless,"40 (10,024–10,280 steps)"
0375,['Mineral'],Genderless,Genderless,"40 (10,024–10,280 steps)"
0376,['Mineral'],Genderless,Genderless,"40 (10,024–10,280 steps)"
0376,['Mineral'],Genderless,Genderless,"40 (10,024–10,280 steps)"
0377,['Undiscovered'],Genderless,Genderless,"80 (20,304–20,560 steps)"
0378,['Undiscovered'],Genderless,Genderless,"80 (20,304–20,560 steps)"
0379,['Undiscovered'],Genderless,Genderless,"80 (20,304–20,560 steps)"
0380,['Undiscovered'],0, 100,"120 (30,584–30,840 steps)"
0380,['Undiscovered'],0, 100,"120 (30,584–30,840 steps)"
0381,['Undiscovered'],100, 0,"120 (30,584–30,840 steps)"
0381,['Undiscovered'],100, 0,"120 (30,584–30,840 steps)"
0382,['Undiscovered'],Genderless,Genderless,"120 (30,584–30,840 steps)"
0382,['Undiscovered'],Genderless,Genderless,"120 (30,584–30,840 steps)"
0383,['Undiscovered'],Genderless,Genderless,"120 (30,584–30,840 steps)"
0383,['Undiscovered'],Genderless,Genderless,"120 (30,584–30,840 steps)"
0384,['Undiscovered'],Genderless,Genderless,"120 (30,584–30,840 steps)"
0384,['Undiscovered'],Genderless,Genderless,"120 (30,584–30,840 steps)"
0385,['Undiscovered'],Genderless,Genderless,"120 (30,584–30,840 steps)"
0386,['Undiscovered'],Genderless,Genderless,"120 (30,584–30,840 steps)"
0386,['Undiscovered'],Genderless,Genderless,"120 (30,584–30,840 steps)"
0386,['Undiscovered'],Genderless,Genderless,"120 (30,584–30,840 steps)"
0386,['Undiscovered'],Genderless,Genderless,"120 (30,584–30,840 steps)"
0387,"['Grass', 'Monster']",87.5, 12.5,"20 (4,884–5,140 steps)"
0388,"['Grass', 'Monster']",87.5, 12.5,"20 (4,884–5,140 steps)"
0389,"['Grass', 'Monster']",87.5, 12.5,"20 (4,884–5,140 steps)"
0390,"['Field', 'Human-Like']",87.5, 12.5,"20 (4,884–5,140 steps)"
0391,"['Field', 'Human-Like']",87.5, 12.5,"20 (4,884–5,140 steps)"
0392,"['Field', 'Human-Like']",87.5, 12.5,"20 (4,884–5,140 steps)"
0393,"['Field', 'Water 1']",87.5, 12.5,"20 (4,884–5,140 steps)"
0394,"['Field', 'Water 1']",87.5, 12.5,"20 (4,884–5,140 steps)"
0395,"['Field', 'Water 1']",87.5, 12.5,"20 (4,884–5,140 steps)"
0396,['Flying'],50, 50,"15 (3,599–3,855 steps)"
0397,['Flying'],50, 50,"15 (3,599–3,855 steps)"
0398,['Flying'],50, 50,"15 (3,599–3,855 steps)"
0399,"['Field', 'Water 1']",50, 50,"15 (3,599–3,855 steps)"
0400,"['Field', 'Water 1']",50, 50,"15 (3,599–3,855 steps)"
0401,['Bug'],50, 50,"15 (3,599–3,855 steps)"
0402,['Bug'],50, 50,"15 (3,599–3,855 steps)"
0403,['Field'],50, 50,"20 (4,884–5,140 steps)"
0404,['Field'],50, 50,"20 (4,884–5,140 steps)"
0405,['Field'],50, 50,"20 (4,884–5,140 steps)"
0406,['Undiscovered'],50, 50,"20 (4,884–5,140 steps)"
0407,"['Fairy', 'Grass']",50, 50,"20 (4,884–5,140 steps)"
0408,['Monster'],87.5, 12.5,"30 (7,454–7,710 steps)"
0409,['Monster'],87.5, 12.5,"30 (7,454–7,710 steps)"
0410,['Monster'],87.5, 12.5,"30 (7,454–7,710 steps)"
0411,['Monster'],87.5, 12.5,"30 (7,454–7,710 steps)"
0412,['Bug'],50, 50,"15 (3,599–3,855 steps)"
0412,['Bug'],50, 50,"15 (3,599–3,855 steps)"
0412,['Bug'],50, 50,"15 (3,599–3,855 steps)"
0413,['Bug'],0, 100,"15 (3,599–3,855 steps)"
0413,['Bug'],0, 100,"15 (3,599–3,855 steps)"
0413,['Bug'],0, 100,"15 (3,599–3,855 steps)"
0414,['Bug'],100, 0,"15 (3,599–3,855 steps)"
0415,['Bug'],87.5, 12.5,"15 (3,599–3,855 steps)"
0416,['Bug'],0, 100,"15 (3,599–3,855 steps)"
0417,"['Fairy', 'Field']",50, 50,"10 (2,314–2,570 steps)"
0418,"['Field', 'Water 1']",50, 50,"20 (4,884–5,140 steps)"
0419,"['Field', 'Water 1']",50, 50,"20 (4,884–5,140 steps)"
0420,"['Fairy', 'Grass']",50, 50,"20 (4,884–5,140 steps)"
0421,"['Fairy', 'Grass']",50, 50,"20 (4,884–5,140 steps)"
0422,"['Amorphous', 'Water 1']",50, 50,"20 (4,884–5,140 steps)"
0423,"['Amorphous', 'Water 1']",50, 50,"20 (4,884–5,140 steps)"
0424,['Field'],50, 50,"20 (4,884–5,140 steps)"
0425,['Amorphous'],50, 50,"30 (7,454–7,710 steps)"
0426,['Amorphous'],50, 50,"30 (7,454–7,710 steps)"
0427,"['Field', 'Human-Like']",50, 50,"20 (4,884–5,140 steps)"
0428,"['Field', 'Human-Like']",50, 50,"20 (4,884–5,140 steps)"
0428,"['Field', 'Human-Like']",50, 50,"20 (4,884–5,140 steps)"
0429,['Amorphous'],50, 50,"25 (6,169–6,425 steps)"
0430,['Flying'],50, 50,"20 (4,884–5,140 steps)"
0431,['Field'],25, 75,"20 (4,884–5,140 steps)"
0432,['Field'],25, 75,"20 (4,884–5,140 steps)"
0433,['Undiscovered'],50, 50,"25 (6,169–6,425 steps)"
0434,['Field'],50, 50,"20 (4,884–5,140 steps)"
0435,['Field'],50, 50,"20 (4,884–5,140 steps)"
0436,['Mineral'],Genderless,Genderless,"20 (4,884–5,140 steps)"
0437,['Mineral'],Genderless,Genderless,"20 (4,884–5,140 steps)"
0438,['Undiscovered'],50, 50,"20 (4,884–5,140 steps)"
0439,['Undiscovered'],50, 50,"25 (6,169–6,425 steps)"
0440,['Undiscovered'],0, 100,"40 (10,024–10,280 steps)"
0441,['Flying'],50, 50,"20 (4,884–5,140 steps)"
0442,['Amorphous'],50, 50,"30 (7,454–7,710 steps)"
0443,"['Dragon', 'Monster']",50, 50,"40 (10,024–10,280 steps)"
0444,"['Dragon', 'Monster']",50, 50,"40 (10,024–10,280 steps)"
0445,"['Dragon', 'Monster']",50, 50,"40 (10,024–10,280 steps)"
0445,"['Dragon', 'Monster']",50, 50,"40 (10,024–10,280 steps)"
0446,['Undiscovered'],87.5, 12.5,"40 (10,024–10,280 steps)"
0447,['Undiscovered'],87.5, 12.5,"25 (6,169–6,425 steps)"
0448,"['Field', 'Human-Like']",87.5, 12.5,"25 (6,169–6,425 steps)"
0448,"['Field', 'Human-Like']",87.5, 12.5,"25 (6,169–6,425 steps)"
0449,['Field'],50, 50,"30 (7,454–7,710 steps)"
0450,['Field'],50, 50,"30 (7,454–7,710 steps)"
0451,"['Bug', 'Water 3']",50, 50,"20 (4,884–5,140 steps)"
0452,"['Bug', 'Water 3']",50, 50,"20 (4,884–5,140 steps)"
0453,['Human-Like'],50, 50,"10 (2,314–2,570 steps)"
0454,['Human-Like'],50, 50,"20 (4,884–5,140 steps)"
0455,['Grass'],50, 50,"25 (6,169–6,425 steps)"
0456,['Water 2'],50, 50,"20 (4,884–5,140 steps)"
0457,['Water 2'],50, 50,"20 (4,884–5,140 steps)"
0458,['Undiscovered'],50, 50,"25 (6,169–6,425 steps)"
0459,"['Grass', 'Monster']",50, 50,"20 (4,884–5,140 steps)"
0460,"['Grass', 'Monster']",50, 50,"20 (4,884–5,140 steps)"
0460,"['Grass', 'Monster']",50, 50,"20 (4,884–5,140 steps)"
0461,['Field'],50, 50,"20 (4,884–5,140 steps)"
0462,['Mineral'],Genderless,Genderless,"20 (4,884–5,140 steps)"
0463,['Monster'],50, 50,"20 (4,884–5,140 steps)"
0464,"['Field', 'Monster']",50, 50,"20 (4,884–5,140 steps)"
0465,['Grass'],50, 50,"20 (4,884–5,140 steps)"
0466,['Human-Like'],75, 25,"25 (6,169–6,425 steps)"
0467,['Human-Like'],75, 25,"25 (6,169–6,425 steps)"
0468,"['Fairy', 'Flying']",87.5, 12.5,"10 (2,314–2,570 steps)"
0469,['Bug'],50, 50,"20 (4,884–5,140 steps)"
0470,['Field'],87.5, 12.5,"35 (8,739–8,995 steps)"
0471,['Field'],87.5, 12.5,"35 (8,739–8,995 steps)"
0472,['Bug'],50, 50,"20 (4,884–5,140 steps)"
0473,['Field'],50, 50,"20 (4,884–5,140 steps)"
0474,['Mineral'],Genderless,Genderless,"20 (4,884–5,140 steps)"
0475,"['Amorphous', 'Human-Like']",100, 0,"20 (4,884–5,140 steps)"
0475,"['Amorphous', 'Human-Like']",100, 0,"20 (4,884–5,140 steps)"
0476,['Mineral'],50, 50,"20 (4,884–5,140 steps)"
0477,['Amorphous'],50, 50,"25 (6,169–6,425 steps)"
0478,"['Fairy', 'Mineral']",0, 100,"20 (4,884–5,140 steps)"
0479,['Amorphous'],Genderless,Genderless,"20 (4,884–5,140 steps)"
0479,['Amorphous'],Genderless,Genderless,"20 (4,884–5,140 steps)"
0479,['Amorphous'],Genderless,Genderless,"20 (4,884–5,140 steps)"
0479,['Amorphous'],Genderless,Genderless,"20 (4,884–5,140 steps)"
0479,['Amorphous'],Genderless,Genderless,"20 (4,884–5,140 steps)"
0479,['Amorphous'],Genderless,Genderless,"20 (4,884–5,140 steps)"
0480,['Undiscovered'],Genderless,Genderless,"80 (20,304–20,560 steps)"
0481,['Undiscovered'],Genderless,Genderless,"80 (20,304–20,560 steps)"
0482,['Undiscovered'],Genderless,Genderless,"80 (20,304–20,560 steps)"
0483,['Undiscovered'],Genderless,Genderless,"120 (30,584–30,840 steps)"
0483,['Undiscovered'],Genderless,Genderless,"120 (30,584–30,840 steps)"
0484,['Undiscovered'],Genderless,Genderless,"120 (30,584–30,840 steps)"
0484,['Undiscovered'],Genderless,Genderless,"120 (30,584–30,840 steps)"
0485,['Undiscovered'],50, 50,"10 (2,314–2,570 steps)"
0486,['Undiscovered'],Genderless,Genderless,"120 (30,584–30,840 steps)"
0487,['Undiscovered'],Genderless,Genderless,"120 (30,584–30,840 steps)"
0487,['Undiscovered'],Genderless,Genderless,"120 (30,584–30,840 steps)"
0488,['Undiscovered'],0, 100,"120 (30,584–30,840 steps)"
0489,"['Fairy', 'Water 1']",Genderless,Genderless,"40 (10,024–10,280 steps)"
0490,"['Fairy', 'Water 1']",Genderless,Genderless,"10 (2,314–2,570 steps)"
0491,['Undiscovered'],Genderless,Genderless,"120 (30,584–30,840 steps)"
0492,['Undiscovered'],Genderless,Genderless,"120 (30,584–30,840 steps)"
0492,['Undiscovered'],Genderless,Genderless,"120 (30,584–30,840 steps)"
0493,['Undiscovered'],Genderless,Genderless,"120 (30,584–30,840 steps)"
0494,['Undiscovered'],Genderless,Genderless,"120 (30,584–30,840 steps)"
0495,"['Field', 'Grass']",87.5, 12.5,"20 (4,884–5,140 steps)"
0496,"['Field', 'Grass']",87.5, 12.5,"20 (4,884–5,140 steps)"
0497,"['Field', 'Grass']",87.5, 12.5,"20 (4,884–5,140 steps)"
0498,['Field'],87.5, 12.5,"20 (4,884–5,140 steps)"
0499,['Field'],87.5, 12.5,"20 (4,884–5,140 steps)"
0500,['Field'],87.5, 12.5,"20 (4,884–5,140 steps)"
0501,['Field'],87.5, 12.5,"20 (4,884–5,140 steps)"
0502,['Field'],87.5, 12.5,"20 (4,884–5,140 steps)"
0503,['Field'],87.5, 12.5,"20 (4,884–5,140 steps)"
0503,['Field'],87.5, 12.5,"20 (4,884–5,140 steps)"
0504,['Field'],50, 50,"15 (3,599–3,855 steps)"
0505,['Field'],50, 50,"20 (4,884–5,140 steps)"
0506,['Field'],50, 50,"15 (3,599–3,855 steps)"
0507,['Field'],50, 50,"15 (3,599–3,855 steps)"
0508,['Field'],50, 50,"15 (3,599–3,855 steps)"
0509,['Field'],50, 50,"20 (4,884–5,140 steps)"
0510,['Field'],50, 50,"20 (4,884–5,140 steps)"
0511,['Field'],87.5, 12.5,"20 (4,884–5,140 steps)"
0512,['Field'],87.5, 12.5,"20 (4,884–5,140 steps)"
0513,['Field'],87.5, 12.5,"20 (4,884–5,140 steps)"
0514,['Field'],87.5, 12.5,"20 (4,884–5,140 steps)"
0515,['Field'],87.5, 12.5,"20 (4,884–5,140 steps)"
0516,['Field'],87.5, 12.5,"20 (4,884–5,140 steps)"
0517,['Field'],50, 50,"10 (2,314–2,570 steps)"
0518,['Field'],50, 50,"10 (2,314–2,570 steps)"
0519,['Flying'],50, 50,"15 (3,599–3,855 steps)"
0520,['Flying'],50, 50,"15 (3,599–3,855 steps)"
0521,['Flying'],50, 50,"15 (3,599–3,855 steps)"
0522,['Field'],50, 50,"20 (4,884–5,140 steps)"
0523,['Field'],50, 50,"20 (4,884–5,140 steps)"
0524,['Mineral'],50, 50,"15 (3,599–3,855 steps)"
0525,['Mineral'],50, 50,"15 (3,599–3,855 steps)"
0526,['Mineral'],50, 50,"15 (3,599–3,855 steps)"
0527,"['Field', 'Flying']",50, 50,"15 (3,599–3,855 steps)"
0528,"['Field', 'Flying']",50, 50,"15 (3,599–3,855 steps)"
0529,['Field'],50, 50,"20 (4,884–5,140 steps)"
0530,['Field'],50, 50,"20 (4,884–5,140 steps)"
0531,['Fairy'],50, 50,"20 (4,884–5,140 steps)"
0531,['Fairy'],50, 50,"20 (4,884–5,140 steps)"
0532,['Human-Like'],75, 25,"20 (4,884–5,140 steps)"
0533,['Human-Like'],75, 25,"20 (4,884–5,140 steps)"
0534,['Human-Like'],75, 25,"20 (4,884–5,140 steps)"
0535,['Water 1'],50, 50,"20 (4,884–5,140 steps)"
0536,['Water 1'],50, 50,"20 (4,884–5,140 steps)"
0537,['Water 1'],50, 50,"20 (4,884–5,140 steps)"
0538,['Human-Like'],100, 0,"20 (4,884–5,140 steps)"
0539,['Human-Like'],100, 0,"20 (4,884–5,140 steps)"
0540,['Bug'],50, 50,"15 (3,599–3,855 steps)"
0541,['Bug'],50, 50,"15 (3,599–3,855 steps)"
0542,['Bug'],50, 50,"15 (3,599–3,855 steps)"
0543,['Bug'],50, 50,"15 (3,599–3,855 steps)"
0544,['Bug'],50, 50,"15 (3,599–3,855 steps)"
0545,['Bug'],50, 50,"20 (4,884–5,140 steps)"
0546,"['Fairy', 'Grass']",50, 50,"20 (4,884–5,140 steps)"
0547,"['Fairy', 'Grass']",50, 50,"20 (4,884–5,140 steps)"
0548,['Grass'],0, 100,"20 (4,884–5,140 steps)"
0549,['Grass'],0, 100,"20 (4,884–5,140 steps)"
0549,['Grass'],0, 100,"20 (4,884–5,140 steps)"
0550,['Water 2'],50, 50,"40 (10,024–10,280 steps)"
0550,['Water 2'],50, 50,"40 (10,024–10,280 steps)"
0550,['Water 2'],50, 50,"40 (10,024–10,280 steps)"
0551,['Field'],50, 50,"20 (4,884–5,140 steps)"
0552,['Field'],50, 50,"20 (4,884–5,140 steps)"
0553,['Field'],50, 50,"20 (4,884–5,140 steps)"
0554,['Field'],50, 50,"20 (4,884–5,140 steps)"
0554,['Field'],50, 50,"20 (4,884–5,140 steps)"
0555,['Field'],50, 50,"20 (4,884–5,140 steps)"
0555,['Field'],50, 50,"20 (4,884–5,140 steps)"
0555,['Field'],50, 50,"20 (4,884–5,140 steps)"
0555,['Field'],50, 50,"20 (4,884–5,140 steps)"
0556,['Grass'],50, 50,"20 (4,884–5,140 steps)"
0557,"['Bug', 'Mineral']",50, 50,"20 (4,884–5,140 steps)"
0558,"['Bug', 'Mineral']",50, 50,"20 (4,884–5,140 steps)"
0559,"['Dragon', 'Field']",50, 50,"15 (3,599–3,855 steps)"
0560,"['Dragon', 'Field']",50, 50,"15 (3,599–3,855 steps)"
0561,['Flying'],50, 50,"20 (4,884–5,140 steps)"
0562,"['Amorphous', 'Mineral']",50, 50,"25 (6,169–6,425 steps)"
0562,"['Amorphous', 'Mineral']",50, 50,"25 (6,169–6,425 steps)"
0563,"['Amorphous', 'Mineral']",50, 50,"25 (6,169–6,425 steps)"
0564,"['Water 1', 'Water 3']",87.5, 12.5,"30 (7,454–7,710 steps)"
0565,"['Water 1', 'Water 3']",87.5, 12.5,"30 (7,454–7,710 steps)"
0566,"['Flying', 'Water 3']",87.5, 12.5,"30 (7,454–7,710 steps)"
0567,"['Flying', 'Water 3']",87.5, 12.5,"30 (7,454–7,710 steps)"
0568,['Mineral'],50, 50,"20 (4,884–5,140 steps)"
0569,['Mineral'],50, 50,"20 (4,884–5,140 steps)"
0570,['Field'],87.5, 12.5,"25 (6,169–6,425 steps)"
0570,['Field'],87.5, 12.5,"25 (6,169–6,425 steps)"
0571,['Field'],87.5, 12.5,"20 (4,884–5,140 steps)"
0571,['Field'],87.5, 12.5,"20 (4,884–5,140 steps)"
0572,['Field'],25, 75,"15 (3,599–3,855 steps)"
0573,['Field'],25, 75,"15 (3,599–3,855 steps)"
0574,['Human-Like'],25, 75,"20 (4,884–5,140 steps)"
0575,['Human-Like'],25, 75,"20 (4,884–5,140 steps)"
0576,['Human-Like'],25, 75,"20 (4,884–5,140 steps)"
0577,['Amorphous'],50, 50,"20 (4,884–5,140 steps)"
0578,['Amorphous'],50, 50,"20 (4,884–5,140 steps)"
0579,['Amorphous'],50, 50,"20 (4,884–5,140 steps)"
0580,"['Flying', 'Water 1']",50, 50,"20 (4,884–5,140 steps)"
0581,"['Flying', 'Water 1']",50, 50,"20 (4,884–5,140 steps)"
0582,['Mineral'],50, 50,"20 (4,884–5,140 steps)"
0583,['Mineral'],50, 50,"20 (4,884–5,140 steps)"
0584,['Mineral'],50, 50,"20 (4,884–5,140 steps)"
0585,['Field'],50, 50,"20 (4,884–5,140 steps)"
0586,['Field'],50, 50,"20 (4,884–5,140 steps)"
0587,['Field'],50, 50,"20 (4,884–5,140 steps)"
0588,['Bug'],50, 50,"15 (3,599–3,855 steps)"
0589,['Bug'],50, 50,"15 (3,599–3,855 steps)"
0590,['Grass'],50, 50,"20 (4,884–5,140 steps)"
0591,['Grass'],50, 50,"20 (4,884–5,140 steps)"
0592,['Amorphous'],50, 50,"20 (4,884–5,140 steps)"
0593,['Amorphous'],50, 50,"20 (4,884–5,140 steps)"
0594,"['Water 1', 'Water 2']",50, 50,"40 (10,024–10,280 steps)"
0595,['Bug'],50, 50,"20 (4,884–5,140 steps)"
0596,['Bug'],50, 50,"20 (4,884–5,140 steps)"
0597,"['Grass', 'Mineral']",50, 50,"20 (4,884–5,140 steps)"
0598,"['Grass', 'Mineral']",50, 50,"20 (4,884–5,140 steps)"
0599,['Mineral'],Genderless,Genderless,"20 (4,884–5,140 steps)"
0600,['Mineral'],Genderless,Genderless,"20 (4,884–5,140 steps)"
0601,['Mineral'],Genderless,Genderless,"20 (4,884–5,140 steps)"
0602,['Amorphous'],50, 50,"20 (4,884–5,140 steps)"
0603,['Amorphous'],50, 50,"20 (4,884–5,140 steps)"
0604,['Amorphous'],50, 50,"20 (4,884–5,140 steps)"
0605,['Human-Like'],50, 50,"20 (4,884–5,140 steps)"
0606,['Human-Like'],50, 50,"20 (4,884–5,140 steps)"
0607,['Amorphous'],50, 50,"20 (4,884–5,140 steps)"
0608,['Amorphous'],50, 50,"20 (4,884–5,140 steps)"
0609,['Amorphous'],50, 50,"20 (4,884–5,140 steps)"
0610,"['Dragon', 'Monster']",50, 50,"40 (10,024–10,280 steps)"
0611,"['Dragon', 'Monster']",50, 50,"40 (10,024–10,280 steps)"
0612,"['Dragon', 'Monster']",50, 50,"40 (10,024–10,280 steps)"
0613,['Field'],50, 50,"20 (4,884–5,140 steps)"
0614,['Field'],50, 50,"20 (4,884–5,140 steps)"
0615,['Mineral'],Genderless,Genderless,"25 (6,169–6,425 steps)"
0616,['Bug'],50, 50,"15 (3,599–3,855 steps)"
0617,['Bug'],50, 50,"15 (3,599–3,855 steps)"
0618,"['Amorphous', 'Water 1']",50, 50,"20 (4,884–5,140 steps)"
0618,"['Amorphous', 'Water 1']",50, 50,"20 (4,884–5,140 steps)"
0619,"['Field', 'Human-Like']",50, 50,"25 (6,169–6,425 steps)"
0620,"['Field', 'Human-Like']",50, 50,"25 (6,169–6,425 steps)"
0621,"['Dragon', 'Monster']",50, 50,"30 (7,454–7,710 steps)"
0622,['Mineral'],Genderless,Genderless,"25 (6,169–6,425 steps)"
0623,['Mineral'],Genderless,Genderless,"25 (6,169–6,425 steps)"
0624,['Human-Like'],50, 50,"20 (4,884–5,140 steps)"
0625,['Human-Like'],50, 50,"20 (4,884–5,140 steps)"
0626,['Field'],50, 50,"20 (4,884–5,140 steps)"
0627,['Flying'],100, 0,"20 (4,884–5,140 steps)"
0628,['Flying'],100, 0,"20 (4,884–5,140 steps)"
0628,['Flying'],100, 0,"20 (4,884–5,140 steps)"
0629,['Flying'],0, 100,"20 (4,884–5,140 steps)"
0630,['Flying'],0, 100,"20 (4,884–5,140 steps)"
0631,['Field'],50, 50,"20 (4,884–5,140 steps)"
0632,['Bug'],50, 50,"20 (4,884–5,140 steps)"
0633,['Dragon'],50, 50,"40 (10,024–10,280 steps)"
0634,['Dragon'],50, 50,"40 (10,024–10,280 steps)"
0635,['Dragon'],50, 50,"40 (10,024–10,280 steps)"
0636,['Bug'],50, 50,"40 (10,024–10,280 steps)"
0637,['Bug'],50, 50,"40 (10,024–10,280 steps)"
0638,['Undiscovered'],Genderless,Genderless,"80 (20,304–20,560 steps)"
0639,['Undiscovered'],Genderless,Genderless,"80 (20,304–20,560 steps)"
0640,['Undiscovered'],Genderless,Genderless,"80 (20,304–20,560 steps)"
0641,['Undiscovered'],100, 0,"120 (30,584–30,840 steps)"
0641,['Undiscovered'],100, 0,"120 (30,584–30,840 steps)"
0642,['Undiscovered'],100, 0,"120 (30,584–30,840 steps)"
0642,['Undiscovered'],100, 0,"120 (30,584–30,840 steps)"
0643,['Undiscovered'],Genderless,Genderless,"120 (30,584–30,840 steps)"
0644,['Undiscovered'],Genderless,Genderless,"120 (30,584–30,840 steps)"
0645,['Undiscovered'],100, 0,"120 (30,584–30,840 steps)"
0645,['Undiscovered'],100, 0,"120 (30,584–30,840 steps)"
0646,['Undiscovered'],Genderless,Genderless,"120 (30,584–30,840 steps)"
0646,['Undiscovered'],Genderless,Genderless,"120 (30,584–30,840 steps)"
0646,['Undiscovered'],Genderless,Genderless,"120 (30,584–30,840 steps)"
0647,['Undiscovered'],Genderless,Genderless,"80 (20,304–20,560 steps)"
0647,['Undiscovered'],Genderless,Genderless,"80 (20,304–20,560 steps)"
0648,['Undiscovered'],Genderless,Genderless,"120 (30,584–30,840 steps)"
0648,['Undiscovered'],Genderless,Genderless,"120 (30,584–30,840 steps)"
0649,['Undiscovered'],Genderless,Genderless,"120 (30,584–30,840 steps)"
0650,['Field'],87.5, 12.5,"20 (4,884–5,140 steps)"
0651,['Field'],87.5, 12.5,"20 (4,884–5,140 steps)"
0652,['Field'],87.5, 12.5,"20 (4,884–5,140 steps)"
0653,['Field'],87.5, 12.5,"20 (4,884–5,140 steps)"
0654,['Field'],87.5, 12.5,"20 (4,884–5,140 steps)"
0655,['Field'],87.5, 12.5,"20 (4,884–5,140 steps)"
0656,['Water 1'],87.5, 12.5,"20 (4,884–5,140 steps)"
0657,['Water 1'],87.5, 12.5,"20 (4,884–5,140 steps)"
0658,['Water 1'],87.5, 12.5,"20 (4,884–5,140 steps)"
0658,['Water 1'],87.5, 12.5,"20 (4,884–5,140 steps)"
0659,['Field'],50, 50,"15 (3,599–3,855 steps)"
0660,['Field'],50, 50,"15 (3,599–3,855 steps)"
0661,['Flying'],50, 50,"15 (3,599–3,855 steps)"
0662,['Flying'],50, 50,"15 (3,599–3,855 steps)"
0663,['Flying'],50, 50,"15 (3,599–3,855 steps)"
0664,['Bug'],50, 50,"15 (3,599–3,855 steps)"
0665,['Bug'],50, 50,"15 (3,599–3,855 steps)"
0666,['Bug'],50, 50,"15 (3,599–3,855 steps)"
0667,['Field'],12.5, 87.5,"20 (4,884–5,140 steps)"
0668,['Field'],12.5, 87.5,"20 (4,884–5,140 steps)"
0669,['Fairy'],0, 100,"20 (4,884–5,140 steps)"
0670,['Fairy'],0, 100,"20 (4,884–5,140 steps)"
0671,['Fairy'],0, 100,"20 (4,884–5,140 steps)"
0672,['Field'],50, 50,"20 (4,884–5,140 steps)"
0673,['Field'],50, 50,"20 (4,884–5,140 steps)"
0674,"['Field', 'Human-Like']",50, 50,"25 (6,169–6,425 steps)"
0675,"['Field', 'Human-Like']",50, 50,"25 (6,169–6,425 steps)"
0676,['Field'],50, 50,"20 (4,884–5,140 steps)"
0677,['Field'],50, 50,"20 (4,884–5,140 steps)"
0678,['Field'],100, 0,"20 (4,884–5,140 steps)"
0678,['Field'],100, 0,"20 (4,884–5,140 steps)"
0679,['Mineral'],50, 50,"20 (4,884–5,140 steps)"
0680,['Mineral'],50, 50,"20 (4,884–5,140 steps)"
0681,['Mineral'],50, 50,"20 (4,884–5,140 steps)"
0681,['Mineral'],50, 50,"20 (4,884–5,140 steps)"
0682,['Fairy'],50, 50,"20 (4,884–5,140 steps)"
0683,['Fairy'],50, 50,"20 (4,884–5,140 steps)"
0684,['Fairy'],50, 50,"20 (4,884–5,140 steps)"
0685,['Fairy'],50, 50,"20 (4,884–5,140 steps)"
0686,"['Water 1', 'Water 2']",50, 50,"20 (4,884–5,140 steps)"
0687,"['Water 1', 'Water 2']",50, 50,"20 (4,884–5,140 steps)"
0688,['Water 3'],50, 50,"20 (4,884–5,140 steps)"
0689,['Water 3'],50, 50,"20 (4,884–5,140 steps)"
0690,"['Dragon', 'Water 1']",50, 50,"20 (4,884–5,140 steps)"
0691,"['Dragon', 'Water 1']",50, 50,"20 (4,884–5,140 steps)"
0692,"['Water 1', 'Water 3']",50, 50,"15 (3,599–3,855 steps)"
0693,"['Water 1', 'Water 3']",50, 50,"15 (3,599–3,855 steps)"
0694,"['Dragon', 'Monster']",50, 50,"20 (4,884–5,140 steps)"
0695,"['Dragon', 'Monster']",50, 50,"20 (4,884–5,140 steps)"
0696,"['Dragon', 'Monster']",87.5, 12.5,"30 (7,454–7,710 steps)"
0697,"['Dragon', 'Monster']",87.5, 12.5,"30 (7,454–7,710 steps)"
0698,['Monster'],87.5, 12.5,"30 (7,454–7,710 steps)"
0699,['Monster'],87.5, 12.5,"30 (7,454–7,710 steps)"
0700,['Field'],87.5, 12.5,"35 (8,739–8,995 steps)"
0701,"['Flying', 'Human-Like']",50, 50,"20 (4,884–5,140 steps)"
0702,"['Fairy', 'Field']",50, 50,"20 (4,884–5,140 steps)"
0703,"['Fairy', 'Mineral']",Genderless,Genderless,"25 (6,169–6,425 steps)"
0704,['Dragon'],50, 50,"40 (10,024–10,280 steps)"
0705,['Dragon'],50, 50,"40 (10,024–10,280 steps)"
0705,['Dragon'],50, 50,"40 (10,024–10,280 steps)"
0706,['Dragon'],50, 50,"40 (10,024–10,280 steps)"
0706,['Dragon'],50, 50,"40 (10,024–10,280 steps)"
0707,['Mineral'],50, 50,"20 (4,884–5,140 steps)"
0708,"['Amorphous', 'Grass']",50, 50,"20 (4,884–5,140 steps)"
0709,"['Amorphous', 'Grass']",50, 50,"20 (4,884–5,140 steps)"
0710,['Amorphous'],50, 50,"20 (4,884–5,140 steps)"
0710,['Amorphous'],50, 50,"20 (4,884–5,140 steps)"
0710,['Amorphous'],50, 50,"20 (4,884–5,140 steps)"
0710,['Amorphous'],50, 50,"20 (4,884–5,140 steps)"
0711,['Amorphous'],50, 50,"20 (4,884–5,140 steps)"
0711,['Amorphous'],50, 50,"20 (4,884–5,140 steps)"
0711,['Amorphous'],50, 50,"20 (4,884–5,140 steps)"
0711,['Amorphous'],50, 50,"20 (4,884–5,140 steps)"
0712,"['Mineral', 'Monster']",50, 50,"20 (4,884–5,140 steps)"
0713,"['Mineral', 'Monster']",50, 50,"20 (4,884–5,140 steps)"
0713,"['Mineral', 'Monster']",50, 50,"20 (4,884–5,140 steps)"
0714,"['Dragon', 'Flying']",50, 50,"20 (4,884–5,140 steps)"
0715,"['Dragon', 'Flying']",50, 50,"20 (4,884–5,140 steps)"
0716,['Undiscovered'],Genderless,Genderless,"120 (30,584–30,840 steps)"
0717,['Undiscovered'],Genderless,Genderless,"120 (30,584–30,840 steps)"
0718,['Undiscovered'],Genderless,Genderless,"120 (30,584–30,840 steps)"
0718,['Undiscovered'],Genderless,Genderless,"120 (30,584–30,840 steps)"
0718,['Undiscovered'],Genderless,Genderless,"120 (30,584–30,840 steps)"
0719,['Undiscovered'],Genderless,Genderless,"25 (6,169–6,425 steps)"
0719,['Undiscovered'],Genderless,Genderless,"25 (6,169–6,425 steps)"
0720,['Undiscovered'],Genderless,Genderless,"120 (30,584–30,840 steps)"
0720,['Undiscovered'],Genderless,Genderless,"120 (30,584–30,840 steps)"
0721,['Undiscovered'],Genderless,Genderless,"120 (30,584–30,840 steps)"
0722,['Flying'],87.5, 12.5,"15 (3,599–3,855 steps)"
0723,['Flying'],87.5, 12.5,"15 (3,599–3,855 steps)"
0724,['Flying'],87.5, 12.5,"15 (3,599–3,855 steps)"
0724,['Flying'],87.5, 12.5,"15 (3,599–3,855 steps)"
0725,['Field'],87.5, 12.5,"15 (3,599–3,855 steps)"
0726,['Field'],87.5, 12.5,"15 (3,599–3,855 steps)"
0727,['Field'],87.5, 12.5,"15 (3,599–3,855 steps)"
0728,"['Field', 'Water 1']",87.5, 12.5,"15 (3,599–3,855 steps)"
0729,"['Field', 'Water 1']",87.5, 12.5,"15 (3,599–3,855 steps)"
0730,"['Field', 'Water 1']",87.5, 12.5,"15 (3,599–3,855 steps)"
0731,['Flying'],50, 50,"15 (3,599–3,855 steps)"
0732,['Flying'],50, 50,"15 (3,599–3,855 steps)"
0733,['Flying'],50, 50,"15 (3,599–3,855 steps)"
0734,['Field'],50, 50,"15 (3,599–3,855 steps)"
0735,['Field'],50, 50,"15 (3,599–3,855 steps)"
0736,['Bug'],50, 50,"15 (3,599–3,855 steps)"
0737,['Bug'],50, 50,"15 (3,599–3,855 steps)"
0738,['Bug'],50, 50,"15 (3,599–3,855 steps)"
0739,['Water 3'],50, 50,"20 (4,884–5,140 steps)"
0740,['Water 3'],50, 50,"20 (4,884–5,140 steps)"
0741,['Flying'],25, 75,"20 (4,884–5,140 steps)"
0741,['Flying'],25, 75,"20 (4,884–5,140 steps)"
0741,['Flying'],25, 75,"20 (4,884–5,140 steps)"
0741,['Flying'],25, 75,"20 (4,884–5,140 steps)"
0742,"['Bug', 'Fairy']",50, 50,"20 (4,884–5,140 steps)"
0743,"['Bug', 'Fairy']",50, 50,"20 (4,884–5,140 steps)"
0744,['Field'],50, 50,"15 (3,599–3,855 steps)"
0744,['Field'],50, 50,"15 (3,599–3,855 steps)"
0745,['Field'],50, 50,"15 (3,599–3,855 steps)"
0745,['Field'],50, 50,"15 (3,599–3,855 steps)"
0745,['Field'],50, 50,"15 (3,599–3,855 steps)"
0746,['Water 2'],50, 50,"15 (3,599–3,855 steps)"
0746,['Water 2'],50, 50,"15 (3,599–3,855 steps)"
0747,['Water 1'],50, 50,"20 (4,884–5,140 steps)"
0748,['Water 1'],50, 50,"20 (4,884–5,140 steps)"
0749,['Field'],50, 50,"20 (4,884–5,140 steps)"
0750,['Field'],50, 50,"20 (4,884–5,140 steps)"
0751,"['Bug', 'Water 1']",50, 50,"15 (3,599–3,855 steps)"
0752,"['Bug', 'Water 1']",50, 50,"15 (3,599–3,855 steps)"
0753,['Grass'],50, 50,"20 (4,884–5,140 steps)"
0754,['Grass'],50, 50,"20 (4,884–5,140 steps)"
0755,['Grass'],50, 50,"20 (4,884–5,140 steps)"
0756,['Grass'],50, 50,"20 (4,884–5,140 steps)"
0757,"['Dragon', 'Monster']",87.5, 12.5,"20 (4,884–5,140 steps)"
0758,"['Dragon', 'Monster']",0, 100,"20 (4,884–5,140 steps)"
0759,['Field'],50, 50,"15 (3,599–3,855 steps)"
0760,['Field'],50, 50,"15 (3,599–3,855 steps)"
0761,['Grass'],0, 100,"20 (4,884–5,140 steps)"
0762,['Grass'],0, 100,"20 (4,884–5,140 steps)"
0763,['Grass'],0, 100,"20 (4,884–5,140 steps)"
0764,['Grass'],25, 75,"20 (4,884–5,140 steps)"
0765,['Field'],50, 50,"20 (4,884–5,140 steps)"
0766,['Field'],50, 50,"20 (4,884–5,140 steps)"
0767,"['Bug', 'Water 3']",50, 50,"20 (4,884–5,140 steps)"
0768,"['Bug', 'Water 3']",50, 50,"20 (4,884–5,140 steps)"
0769,['Amorphous'],50, 50,"15 (3,599–3,855 steps)"
0770,['Amorphous'],50, 50,"15 (3,599–3,855 steps)"
0771,['Water 1'],50, 50,"15 (3,599–3,855 steps)"
0772,['Undiscovered'],Genderless,Genderless,"120 (30,584–30,840 steps)"
0773,['Undiscovered'],Genderless,Genderless,"120 (30,584–30,840 steps)"
0774,['Mineral'],Genderless,Genderless,"25 (6,169–6,425 steps)"
0774,['Mineral'],Genderless,Genderless,"25 (6,169–6,425 steps)"
0775,['Field'],50, 50,"20 (4,884–5,140 steps)"
0776,"['Dragon', 'Monster']",50, 50,"20 (4,884–5,140 steps)"
0777,"['Fairy', 'Field']",50, 50,"10 (2,314–2,570 steps)"
0778,['Amorphous'],50, 50,"20 (4,884–5,140 steps)"
0779,['Water 2'],50, 50,"15 (3,599–3,855 steps)"
0780,"['Dragon', 'Monster']",50, 50,"20 (4,884–5,140 steps)"
0781,['Mineral'],Genderless,Genderless,"25 (6,169–6,425 steps)"
0782,['Dragon'],50, 50,"40 (10,024–10,280 steps)"
0783,['Dragon'],50, 50,"40 (10,024–10,280 steps)"
0784,['Dragon'],50, 50,"40 (10,024–10,280 steps)"
0785,['Undiscovered'],Genderless,Genderless,"15 (3,599–3,855 steps)"
0786,['Undiscovered'],Genderless,Genderless,"15 (3,599–3,855 steps)"
0787,['Undiscovered'],Genderless,Genderless,"15 (3,599–3,855 steps)"
0788,['Undiscovered'],Genderless,Genderless,"15 (3,599–3,855 steps)"
0789,['Undiscovered'],Genderless,Genderless,"120 (30,584–30,840 steps)"
0790,['Undiscovered'],Genderless,Genderless,"120 (30,584–30,840 steps)"
0791,['Undiscovered'],Genderless,Genderless,"120 (30,584–30,840 steps)"
0792,['Undiscovered'],Genderless,Genderless,"120 (30,584–30,840 steps)"
0793,['Undiscovered'],Genderless,Genderless,"120 (30,584–30,840 steps)"
0794,['Undiscovered'],Genderless,Genderless,"120 (30,584–30,840 steps)"
0795,['Undiscovered'],Genderless,Genderless,"120 (30,584–30,840 steps)"
0796,['Undiscovered'],Genderless,Genderless,"120 (30,584–30,840 steps)"
0797,['Undiscovered'],Genderless,Genderless,"120 (30,584–30,840 steps)"
0798,['Undiscovered'],Genderless,Genderless,"120 (30,584–30,840 steps)"
0799,['Undiscovered'],Genderless,Genderless,"120 (30,584–30,840 steps)"
0800,['Undiscovered'],Genderless,Genderless,"120 (30,584–30,840 steps)"
0800,['Undiscovered'],Genderless,Genderless,"120 (30,584–30,840 steps)"
0800,['Undiscovered'],Genderless,Genderless,"120 (30,584–30,840 steps)"
0800,['Undiscovered'],Genderless,Genderless,"120 (30,584–30,840 steps)"
0801,['Undiscovered'],Genderless,Genderless,"120 (30,584–30,840 steps)"
0802,['Undiscovered'],Genderless,Genderless,"120 (30,584–30,840 steps)"
0803,['Undiscovered'],Genderless,Genderless,"120 (30,584–30,840 steps)"
0804,['Undiscovered'],Genderless,Genderless,"120 (30,584–30,840 steps)"
0805,['Undiscovered'],Genderless,Genderless,"120 (30,584–30,840 steps)"
0806,['Undiscovered'],Genderless,Genderless,"120 (30,584–30,840 steps)"
0807,['Undiscovered'],Genderless,Genderless,"120 (30,584–30,840 steps)"
0808,['Undiscovered'],Genderless,Genderless,"120 (30,584–30,840 steps)"
0809,['Undiscovered'],Genderless,Genderless,"120 (30,584–30,840 steps)"
0810,"['Field', 'Grass']",87.5, 12.5,"20 (4,884–5,140 steps)"
0811,"['Field', 'Grass']",87.5, 12.5,"20 (4,884–5,140 steps)"
0812,"['Field', 'Grass']",87.5, 12.5,"20 (4,884–5,140 steps)"
0813,"['Field', 'Human-Like']",87.5, 12.5,"20 (4,884–5,140 steps)"
0814,"['Field', 'Human-Like']",87.5, 12.5,"20 (4,884–5,140 steps)"
0815,"['Field', 'Human-Like']",87.5, 12.5,"20 (4,884–5,140 steps)"
0816,"['Field', 'Water 1']",87.5, 12.5,"20 (4,884–5,140 steps)"
0817,"['Field', 'Water 1']",87.5, 12.5,"20 (4,884–5,140 steps)"
0818,"['Field', 'Water 1']",87.5, 12.5,"20 (4,884–5,140 steps)"
0819,['Field'],50, 50,"20 (4,884–5,140 steps)"
0820,['Field'],50, 50,"20 (4,884–5,140 steps)"
0821,['Flying'],50, 50,"15 (3,599–3,855 steps)"
0822,['Flying'],50, 50,"15 (3,599–3,855 steps)"
0823,['Flying'],50, 50,"15 (3,599–3,855 steps)"
0824,['Bug'],50, 50,"15 (3,599–3,855 steps)"
0825,['Bug'],50, 50,"15 (3,599–3,855 steps)"
0826,['Bug'],50, 50,"15 (3,599–3,855 steps)"
0827,['Field'],50, 50,"15 (3,599–3,855 steps)"
0828,['Field'],50, 50,"15 (3,599–3,855 steps)"
0829,['Grass'],50, 50,"20 (4,884–5,140 steps)"
0830,['Grass'],50, 50,"20 (4,884–5,140 steps)"
0831,['Field'],50, 50,"15 (3,599–3,855 steps)"
0832,['Field'],50, 50,"15 (3,599–3,855 steps)"
0833,"['Monster', 'Water 1']",50, 50,"20 (4,884–5,140 steps)"
0834,"['Monster', 'Water 1']",50, 50,"20 (4,884–5,140 steps)"
0835,['Field'],50, 50,"20 (4,884–5,140 steps)"
0836,['Field'],50, 50,"20 (4,884–5,140 steps)"
0837,['Mineral'],50, 50,"15 (3,599–3,855 steps)"
0838,['Mineral'],50, 50,"15 (3,599–3,855 steps)"
0839,['Mineral'],50, 50,"15 (3,599–3,855 steps)"
0840,"['Dragon', 'Grass']",50, 50,"20 (4,884–5,140 steps)"
0841,"['Dragon', 'Grass']",50, 50,"20 (4,884–5,140 steps)"
0842,"['Dragon', 'Grass']",50, 50,"20 (4,884–5,140 steps)"
0843,"['Dragon', 'Field']",50, 50,"20 (4,884–5,140 steps)"
0844,"['Dragon', 'Field']",50, 50,"20 (4,884–5,140 steps)"
0845,"['Flying', 'Water 1']",50, 50,"20 (4,884–5,140 steps)"
0846,['Water 2'],50, 50,"20 (4,884–5,140 steps)"
0847,['Water 2'],50, 50,"20 (4,884–5,140 steps)"
0848,['Undiscovered'],50, 50,"25 (6,169–6,425 steps)"
0849,['Human-Like'],50, 50,"25 (6,169–6,425 steps)"
0849,['Human-Like'],50, 50,"25 (6,169–6,425 steps)"
0850,['Bug'],50, 50,"20 (4,884–5,140 steps)"
0851,['Bug'],50, 50,"20 (4,884–5,140 steps)"
0852,"['Human-Like', 'Water 1']",50, 50,"25 (6,169–6,425 steps)"
0853,"['Human-Like', 'Water 1']",50, 50,"25 (6,169–6,425 steps)"
0854,"['Amorphous', 'Mineral']",Genderless,Genderless,"20 (4,884–5,140 steps)"
0855,"['Amorphous', 'Mineral']",Genderless,Genderless,"20 (4,884–5,140 steps)"
0856,['Fairy'],0, 100,"20 (4,884–5,140 steps)"
0857,['Fairy'],0, 100,"20 (4,884–5,140 steps)"
0858,['Fairy'],0, 100,"20 (4,884–5,140 steps)"
0859,"['Fairy', 'Human-Like']",100, 0,"20 (4,884–5,140 steps)"
0860,"['Fairy', 'Human-Like']",100, 0,"20 (4,884–5,140 steps)"
0861,"['Fairy', 'Human-Like']",100, 0,"20 (4,884–5,140 steps)"
0862,['Field'],50, 50,"15 (3,599–3,855 steps)"
0863,['Field'],50, 50,"20 (4,884–5,140 steps)"
0864,"['Water 1', 'Water 3']",25, 75,"20 (4,884–5,140 steps)"
0865,"['Field', 'Flying']",50, 50,"20 (4,884–5,140 steps)"
0866,['Human-Like'],50, 50,"25 (6,169–6,425 steps)"
0867,"['Amorphous', 'Mineral']",50, 50,"25 (6,169–6,425 steps)"
0868,"['Amorphous', 'Fairy']",0, 100,"20 (4,884–5,140 steps)"
0869,"['Amorphous', 'Fairy']",0, 100,"20 (4,884–5,140 steps)"
0870,"['Fairy', 'Mineral']",Genderless,Genderless,"25 (6,169–6,425 steps)"
0871,"['Amorphous', 'Water 1']",50, 50,"20 (4,884–5,140 steps)"
0872,['Bug'],50, 50,"20 (4,884–5,140 steps)"
0873,['Bug'],50, 50,"20 (4,884–5,140 steps)"
0874,['Mineral'],50, 50,"25 (6,169–6,425 steps)"
0875,"['Field', 'Water 1']",50, 50,"25 (6,169–6,425 steps)"
0875,"['Field', 'Water 1']",50, 50,"25 (6,169–6,425 steps)"
0876,['Fairy'],100, 0,"40 (10,024–10,280 steps)"
0876,['Fairy'],100, 0,"40 (10,024–10,280 steps)"
0877,"['Fairy', 'Field']",50, 50,"10 (2,314–2,570 steps)"
0877,"['Fairy', 'Field']",50, 50,"10 (2,314–2,570 steps)"
0878,"['Field', 'Mineral']",50, 50,"25 (6,169–6,425 steps)"
0879,"['Field', 'Mineral']",50, 50,"25 (6,169–6,425 steps)"
0880,['Undiscovered'],Genderless,Genderless,"35 (8,739–8,995 steps)"
0881,['Undiscovered'],Genderless,Genderless,"35 (8,739–8,995 steps)"
0882,['Undiscovered'],Genderless,Genderless,"35 (8,739–8,995 steps)"
0883,['Undiscovered'],Genderless,Genderless,"35 (8,739–8,995 steps)"
0884,"['Dragon', 'Mineral']",50, 50,"30 (7,454–7,710 steps)"
0885,"['Amorphous', 'Dragon']",50, 50,"40 (10,024–10,280 steps)"
0886,"['Amorphous', 'Dragon']",50, 50,"40 (10,024–10,280 steps)"
0887,"['Amorphous', 'Dragon']",50, 50,"40 (10,024–10,280 steps)"
0888,['Undiscovered'],Genderless,Genderless,"120 (30,584–30,840 steps)"
0888,['Undiscovered'],Genderless,Genderless,"120 (30,584–30,840 steps)"
0889,['Undiscovered'],Genderless,Genderless,"120 (30,584–30,840 steps)"
0889,['Undiscovered'],Genderless,Genderless,"120 (30,584–30,840 steps)"
0890,['Undiscovered'],Genderless,Genderless,"120 (30,584–30,840 steps)"
0890,['Undiscovered'],Genderless,Genderless,"120 (30,584–30,840 steps)"
0891,['Undiscovered'],87.5, 12.5,"120 (30,584–30,840 steps)"
0892,['Undiscovered'],87.5, 12.5,"120 (30,584–30,840 steps)"
0892,['Undiscovered'],87.5, 12.5,"120 (30,584–30,840 steps)"
0893,['Undiscovered'],Genderless,Genderless,"120 (30,584–30,840 steps)"
0894,['Undiscovered'],Genderless,Genderless,"120 (30,584–30,840 steps)"
0895,['Undiscovered'],Genderless,Genderless,"120 (30,584–30,840 steps)"
0896,['Undiscovered'],Genderless,Genderless,"120 (30,584–30,840 steps)"
0897,['Undiscovered'],Genderless,Genderless,"120 (30,584–30,840 steps)"
0898,['Undiscovered'],Genderless,Genderless,"120 (30,584–30,840 steps)"
0898,['Undiscovered'],Genderless,Genderless,"120 (30,584–30,840 steps)"
0898,['Undiscovered'],Genderless,Genderless,"120 (30,584–30,840 steps)"
0899,['Field'],50, 50,"20 (4,884–5,140 steps)"
0900,['Bug'],50, 50,"20 (4,884–5,140 steps)"
0901,['Field'],50, 50,"20 (4,884–5,140 steps)"
0901,['Field'],50, 50,"20 (4,884–5,140 steps)"
0902,['Water 2'],100, 0,"20 (4,884–5,140 steps)"
0902,['Water 2'],100, 0,"20 (4,884–5,140 steps)"
0903,['Field'],50, 50,"20 (4,884–5,140 steps)"
0904,['Water 2'],50, 50,"20 (4,884–5,140 steps)"
0905,['Undiscovered'],0, 100,"20 (4,884–5,140 steps)"
0905,['Undiscovered'],0, 100,"20 (4,884–5,140 steps)"
0906,"['Field', 'Grass']",87.5, 12.5,"20 (4,884–5,140 steps)"
0907,"['Field', 'Grass']",87.5, 12.5,"20 (4,884–5,140 steps)"
0908,"['Field', 'Grass']",87.5, 12.5,"20 (4,884–5,140 steps)"
0909,['Field'],87.5, 12.5,"20 (4,884–5,140 steps)"
0910,['Field'],87.5, 12.5,"20 (4,884–5,140 steps)"
0911,['Field'],87.5, 12.5,"20 (4,884–5,140 steps)"
0912,"['Flying', 'Water 1']",87.5, 12.5,"20 (4,884–5,140 steps)"
0913,"['Flying', 'Water 1']",87.5, 12.5,"20 (4,884–5,140 steps)"
0914,"['Flying', 'Water 1']",87.5, 12.5,"20 (4,884–5,140 steps)"
0915,['Field'],50, 50,"15 (3,599–3,855 steps)"
0916,['Field'],100, 0,"15 (3,599–3,855 steps)"
0916,['Field'],100, 0,"15 (3,599–3,855 steps)"
0917,['Bug'],50, 50,"15 (3,599–3,855 steps)"
0918,['Bug'],50, 50,"15 (3,599–3,855 steps)"
0919,['Bug'],50, 50,"20 (4,884–5,140 steps)"
0920,['Bug'],50, 50,"20 (4,884–5,140 steps)"
0921,['Field'],50, 50,"15 (3,599–3,855 steps)"
0922,['Field'],50, 50,"15 (3,599–3,855 steps)"
0923,['Field'],50, 50,"15 (3,599–3,855 steps)"
0924,"['Fairy', 'Field']",Genderless,Genderless,"10 (2,314–2,570 steps)"
0925,"['Fairy', 'Field']",Genderless,Genderless,"10 (2,314–2,570 steps)"
0925,"['Fairy', 'Field']",Genderless,Genderless,"10 (2,314–2,570 steps)"
0926,"['Field', 'Mineral']",50, 50,"20 (4,884–5,140 steps)"
0927,"['Field', 'Mineral']",50, 50,"20 (4,884–5,140 steps)"
0928,['Grass'],50, 50,"20 (4,884–5,140 steps)"
0929,['Grass'],50, 50,"20 (4,884–5,140 steps)"
0930,['Grass'],50, 50,"20 (4,884–5,140 steps)"
0931,['Flying'],50, 50,"15 (3,599–3,855 steps)"
0931,['Flying'],50, 50,"15 (3,599–3,855 steps)"
0931,['Flying'],50, 50,"15 (3,599–3,855 steps)"
0931,['Flying'],50, 50,"15 (3,599–3,855 steps)"
0932,['Mineral'],50, 50,"20 (4,884–5,140 steps)"
0933,['Mineral'],50, 50,"20 (4,884–5,140 steps)"
0934,['Mineral'],50, 50,"20 (4,884–5,140 steps)"
0935,['Human-Like'],50, 50,"35 (8,739–8,995 steps)"
0936,['Human-Like'],50, 50,"35 (8,739–8,995 steps)"
0937,['Human-Like'],50, 50,"35 (8,739–8,995 steps)"
0938,['Water 1'],50, 50,"20 (4,884–5,140 steps)"
0939,['Water 1'],50, 50,"20 (4,884–5,140 steps)"
0940,"['Flying', 'Water 1']",50, 50,"20 (4,884–5,140 steps)"
0941,"['Flying', 'Water 1']",50, 50,"20 (4,884–5,140 steps)"
0942,['Field'],50, 50,"20 (4,884–5,140 steps)"
0943,['Field'],50, 50,"20 (4,884–5,140 steps)"
0944,['Field'],50, 50,"20 (4,884–5,140 steps)"
0945,['Field'],50, 50,"20 (4,884–5,140 steps)"
0946,['Grass'],50, 50,"20 (4,884–5,140 steps)"
0947,['Grass'],50, 50,"20 (4,884–5,140 steps)"
0948,['Grass'],50, 50,"20 (4,884–5,140 steps)"
0949,['Grass'],50, 50,"20 (4,884–5,140 steps)"
0950,['Water 3'],50, 50,"35 (8,739–8,995 steps)"
0951,['Grass'],50, 50,"20 (4,884–5,140 steps)"
0952,['Grass'],50, 50,"20 (4,884–5,140 steps)"
0953,['Bug'],50, 50,"20 (4,884–5,140 steps)"
0954,['Bug'],50, 50,"20 (4,884–5,140 steps)"
0955,['Flying'],50, 50,"20 (4,884–5,140 steps)"
0956,['Flying'],50, 50,"20 (4,884–5,140 steps)"
0957,['Fairy'],0, 100,"20 (4,884–5,140 steps)"
0958,['Fairy'],0, 100,"20 (4,884–5,140 steps)"
0959,['Fairy'],0, 100,"20 (4,884–5,140 steps)"
0960,['Water 3'],50, 50,"20 (4,884–5,140 steps)"
0961,['Water 3'],50, 50,"20 (4,884–5,140 steps)"
0962,['Flying'],50, 50,"35 (8,739–8,995 steps)"
0963,"['Field', 'Water 2']",50, 50,"40 (10,024–10,280 steps)"
0964,"['Field', 'Water 2']",50, 50,"40 (10,024–10,280 steps)"
0964,"['Field', 'Water 2']",50, 50,"40 (10,024–10,280 steps)"
0965,['Mineral'],50, 50,"20 (4,884–5,140 steps)"
0966,['Mineral'],50, 50,"20 (4,884–5,140 steps)"
0967,['Field'],50, 50,"30 (7,454–7,710 steps)"
0968,['Field'],50, 50,"35 (8,739–8,995 steps)"
0969,['Mineral'],50, 50,"30 (7,454–7,710 steps)"
0970,['Mineral'],50, 50,"30 (7,454–7,710 steps)"
0971,['Field'],50, 50,"20 (4,884–5,140 steps)"
0972,['Field'],50, 50,"20 (4,884–5,140 steps)"
0973,['Flying'],50, 50,"20 (4,884–5,140 steps)"
0974,['Field'],50, 50,"25 (6,169–6,425 steps)"
0975,['Field'],50, 50,"25 (6,169–6,425 steps)"
0976,['Water 2'],50, 50,"20 (4,884–5,140 steps)"
0977,['Water 2'],50, 50,"40 (10,024–10,280 steps)"
0978,['Water 2'],50, 50,"35 (8,739–8,995 steps)"
0978,['Water 2'],50, 50,"35 (8,739–8,995 steps)"
0978,['Water 2'],50, 50,"35 (8,739–8,995 steps)"
0979,['Field'],50, 50,"20 (4,884–5,140 steps)"
0980,"['Field', 'Water 1']",50, 50,"20 (4,884–5,140 steps)"
0981,['Field'],50, 50,"20 (4,884–5,140 steps)"
0982,['Field'],50, 50,"20 (4,884–5,140 steps)"
0982,['Field'],50, 50,"20 (4,884–5,140 steps)"
0983,['Human-Like'],50, 50,"20 (4,884–5,140 steps)"
0984,['Undiscovered'],Genderless,Genderless,"50 (12,594–12,850 steps)"
0985,['Undiscovered'],Genderless,Genderless,"50 (12,594–12,850 steps)"
0986,['Undiscovered'],Genderless,Genderless,"50 (12,594–12,850 steps)"
0987,['Undiscovered'],Genderless,Genderless,"50 (12,594–12,850 steps)"
0988,['Undiscovered'],Genderless,Genderless,"50 (12,594–12,850 steps)"
0989,['Undiscovered'],Genderless,Genderless,"50 (12,594–12,850 steps)"
0990,['Undiscovered'],Genderless,Genderless,"50 (12,594–12,850 steps)"
0991,['Undiscovered'],Genderless,Genderless,"50 (12,594–12,850 steps)"
0992,['Undiscovered'],Genderless,Genderless,"50 (12,594–12,850 steps)"
0993,['Undiscovered'],Genderless,Genderless,"50 (12,594–12,850 steps)"
0994,['Undiscovered'],Genderless,Genderless,"50 (12,594–12,850 steps)"
0995,['Undiscovered'],Genderless,Genderless,"50 (12,594–12,850 steps)"
0996,"['Dragon', 'Mineral']",50, 50,"40 (10,024–10,280 steps)"
0997,"['Dragon', 'Mineral']",50, 50,"40 (10,024–10,280 steps)"
0998,"['Dragon', 'Mineral']",50, 50,"40 (10,024–10,280 steps)"
0999,['Undiscovered'],Genderless,Genderless,"50 (12,594–12,850 steps)"
0999,['Undiscovered'],Genderless,Genderless,"50 (12,594–12,850 steps)"
1000,['Undiscovered'],Genderless,Genderless,"50 (12,594–12,850 steps)"
1001,['Undiscovered'],Genderless,Genderless,"50 (12,594–12,850 steps)"
1002,['Undiscovered'],Genderless,Genderless,"50 (12,594–12,850 steps)"
1003,['Undiscovered'],Genderless,Genderless,"50 (12,594–12,850 steps)"
1004,['Undiscovered'],Genderless,Genderless,"50 (12,594–12,850 steps)"
1005,['Undiscovered'],Genderless,Genderless,"50 (12,594–12,850 steps)"
1006,['Undiscovered'],Genderless,Genderless,"50 (12,594–12,850 steps)"
1007,['Undiscovered'],Genderless,Genderless,"50 (12,594–12,850 steps)"
1008,['Undiscovered'],Genderless,Genderless,"50 (12,594–12,850 steps)"
1009,['Undiscovered'],Genderless,Genderless,—
1010,['Undiscovered'],Genderless,Genderless,—
1011,"['Dragon', 'Grass']",50, 50,—
1012,"['Amorphous', 'Mineral']",Genderless,Genderless,—
1013,"['Amorphous', 'Mineral']",Genderless,Genderless,—
1014,['Undiscovered'],100, 0,—
1015,['Undiscovered'],100, 0,—
1016,['Undiscovered'],100, 0,—
1017,['Undiscovered'],0, 100,—
1017,['Undiscovered'],0, 100,—
1017,['Undiscovered'],0, 100,—
1017,['Undiscovered'],0, 100,—
1018,"['Dragon', 'Mineral']",50, 50,—
1019,"['Dragon', 'Grass']",50, 50,—
1020,['Undiscovered'],Genderless,Genderless,—
1021,['Undiscovered'],Genderless,Genderless,—
1022,['Undiscovered'],Genderless,Genderless,—
1023,['Undiscovered'],Genderless,Genderless,—
1024,['Undiscovered'],50, 50,—
1024,['Undiscovered'],50, 50,—
1024,['Undiscovered'],50, 50,—
1025,['Undiscovered'],Genderless,Genderless,—
