pokedex_id,EV_yield,catch_rate ,base_friendship,base_exp,growth_rate 
0001,1 Sp. Atk ,"45 (5.9% with PokéBall, full HP)",50 (normal),64,Medium Slow
0002,"1 Sp. Atk, 1 Sp. Def ","45 (5.9% with PokéBall, full HP)",50 (normal),142,Medium Slow
0003,"2 Sp. Atk, 1 Sp. Def ","45 (5.9% with PokéBall, full HP)",50 (normal),236,Medium Slow
0003,"2 Sp. Atk, 1 Sp. Def ","45 (5.9% with PokéBall, full HP)",50 (normal),236,Medium Slow
0004,1 Speed ,"45 (5.9% with PokéBall, full HP)",50 (normal),62,Medium Slow
0005,"1 Sp. Atk, 1 Speed ","45 (5.9% with PokéBall, full HP)",50 (normal),142,Medium Slow
0006,3 Sp. Atk ,"45 (5.9% with PokéBall, full HP)",50 (normal),267,Medium Slow
0006,3 Sp. Atk ,"45 (5.9% with PokéBall, full HP)",50 (normal),267,Medium Slow
0006,3 Sp. Atk ,"45 (5.9% with PokéBall, full HP)",50 (normal),267,Medium Slow
0007,1 Defense ,"45 (5.9% with PokéBall, full HP)",50 (normal),63,Medium Slow
0008,"1 Defense, 1 Sp. Def ","45 (5.9% with PokéBall, full HP)",50 (normal),142,Medium Slow
0009,3 Sp. Def ,"45 (5.9% with PokéBall, full HP)",50 (normal),239,Medium Slow
0009,3 Sp. Def ,"45 (5.9% with PokéBall, full HP)",50 (normal),239,Medium Slow
0010,1 HP ,"255 (33.3% with PokéBall, full HP)",50 (normal),39,Medium Fast
0011,2 Defense ,"120 (15.7% with PokéBall, full HP)",50 (normal),72,Medium Fast
0012,"2 Sp. Atk, 1 Sp. Def ","45 (5.9% with PokéBall, full HP)",50 (normal),178,Medium Fast
0013,1 Speed ,"255 (33.3% with PokéBall, full HP)",50 (normal),39,Medium Fast
0014,2 Defense ,"120 (15.7% with PokéBall, full HP)",50 (normal),72,Medium Fast
0015,"2 Attack, 1 Sp. Def ","45 (5.9% with PokéBall, full HP)",50 (normal),178,Medium Fast
0015,"2 Attack, 1 Sp. Def ","45 (5.9% with PokéBall, full HP)",50 (normal),178,Medium Fast
0016,1 Speed ,"255 (33.3% with PokéBall, full HP)",50 (normal),50,Medium Slow
0017,2 Speed ,"120 (15.7% with PokéBall, full HP)",50 (normal),122,Medium Slow
0018,3 Speed ,"45 (5.9% with PokéBall, full HP)",50 (normal),216,Medium Slow
0018,3 Speed ,"45 (5.9% with PokéBall, full HP)",50 (normal),216,Medium Slow
0019,1 Speed ,"255 (33.3% with PokéBall, full HP)",50 (normal),51,Medium Fast
0019,1 Speed ,"255 (33.3% with PokéBall, full HP)",50 (normal),51,Medium Fast
0020,2 Speed ,"127 (16.6% with PokéBall, full HP)",50 (normal),145,Medium Fast
0020,2 Speed ,"127 (16.6% with PokéBall, full HP)",50 (normal),145,Medium Fast
0021,1 Speed ,"255 (33.3% with PokéBall, full HP)",50 (normal),52,Medium Fast
0022,2 Speed ,"90 (11.8% with PokéBall, full HP)",50 (normal),155,Medium Fast
0023,1 Attack ,"255 (33.3% with PokéBall, full HP)",50 (normal),58,Medium Fast
0024,2 Attack ,"90 (11.8% with PokéBall, full HP)",50 (normal),157,Medium Fast
0025,2 Speed ,"190 (24.8% with PokéBall, full HP)",50 (normal),112,Medium Fast
0025,2 Speed ,"190 (24.8% with PokéBall, full HP)",50 (normal),112,Medium Fast
0026,3 Speed ,"75 (9.8% with PokéBall, full HP)",50 (normal),243,Medium Fast
0026,3 Speed ,"75 (9.8% with PokéBall, full HP)",50 (normal),243,Medium Fast
0027,1 Defense ,"255 (33.3% with PokéBall, full HP)",50 (normal),60,Medium Fast
0027,1 Defense ,"255 (33.3% with PokéBall, full HP)",50 (normal),60,Medium Fast
0028,2 Defense ,"90 (11.8% with PokéBall, full HP)",50 (normal),158,Medium Fast
0028,2 Defense ,"90 (11.8% with PokéBall, full HP)",50 (normal),158,Medium Fast
0029,1 HP ,"235 (30.7% with PokéBall, full HP)",50 (normal),55,Medium Slow
0030,2 HP ,"120 (15.7% with PokéBall, full HP)",50 (normal),128,Medium Slow
0031,3 HP ,"45 (5.9% with PokéBall, full HP)",50 (normal),227,Medium Slow
0032,1 Attack ,"235 (30.7% with PokéBall, full HP)",50 (normal),55,Medium Slow
0033,2 Attack ,"120 (15.7% with PokéBall, full HP)",50 (normal),128,Medium Slow
0034,3 Attack ,"45 (5.9% with PokéBall, full HP)",50 (normal),227,Medium Slow
0035,2 HP ,"150 (19.6% with PokéBall, full HP)",140 (higher than normal),113,Fast
0036,3 HP ,"25 (3.3% with PokéBall, full HP)",140 (higher than normal),217,Fast
0037,1 Speed ,"190 (24.8% with PokéBall, full HP)",50 (normal),60,Medium Fast
0037,1 Speed ,"190 (24.8% with PokéBall, full HP)",50 (normal),60,Medium Fast
0038,"1 Sp. Def, 1 Speed ","75 (9.8% with PokéBall, full HP)",50 (normal),177,Medium Fast
0038,"1 Sp. Def, 1 Speed ","75 (9.8% with PokéBall, full HP)",50 (normal),177,Medium Fast
0039,2 HP ,"170 (22.2% with PokéBall, full HP)",50 (normal),95,Fast
0040,3 HP ,"50 (6.5% with PokéBall, full HP)",50 (normal),218,Fast
0041,1 Speed ,"255 (33.3% with PokéBall, full HP)",50 (normal),49,Medium Fast
0042,2 Speed ,"90 (11.8% with PokéBall, full HP)",50 (normal),159,Medium Fast
0043,1 Sp. Atk ,"255 (33.3% with PokéBall, full HP)",50 (normal),64,Medium Slow
0044,2 Sp. Atk ,"120 (15.7% with PokéBall, full HP)",50 (normal),138,Medium Slow
0045,3 Sp. Atk ,"45 (5.9% with PokéBall, full HP)",50 (normal),221,Medium Slow
0046,1 Attack ,"190 (24.8% with PokéBall, full HP)",50 (normal),57,Medium Fast
0047,"2 Attack, 1 Defense ","75 (9.8% with PokéBall, full HP)",50 (normal),142,Medium Fast
0048,1 Sp. Def ,"190 (24.8% with PokéBall, full HP)",50 (normal),61,Medium Fast
0049,"1 Sp. Atk, 1 Speed ","75 (9.8% with PokéBall, full HP)",50 (normal),158,Medium Fast
0050,1 Speed ,"255 (33.3% with PokéBall, full HP)",50 (normal),53,Medium Fast
0050,1 Speed ,"255 (33.3% with PokéBall, full HP)",50 (normal),53,Medium Fast
0051,2 Speed ,"50 (6.5% with PokéBall, full HP)",50 (normal),149,Medium Fast
0051,2 Speed ,"50 (6.5% with PokéBall, full HP)",50 (normal),149,Medium Fast
0052,1 Speed ,"255 (33.3% with PokéBall, full HP)",50 (normal),58,Medium Fast
0052,1 Speed ,"255 (33.3% with PokéBall, full HP)",50 (normal),58,Medium Fast
0052,1 Speed ,"255 (33.3% with PokéBall, full HP)",50 (normal),58,Medium Fast
0053,2 Speed ,"90 (11.8% with PokéBall, full HP)",50 (normal),154,Medium Fast
0053,2 Speed ,"90 (11.8% with PokéBall, full HP)",50 (normal),154,Medium Fast
0054,1 Sp. Atk ,"190 (24.8% with PokéBall, full HP)",50 (normal),64,Medium Fast
0055,2 Sp. Atk ,"75 (9.8% with PokéBall, full HP)",50 (normal),175,Medium Fast
0056,1 Attack ,"190 (24.8% with PokéBall, full HP)",50 (normal),61,Medium Fast
0057,2 Attack ,"75 (9.8% with PokéBall, full HP)",50 (normal),159,Medium Fast
0058,1 Attack ,"190 (24.8% with PokéBall, full HP)",50 (normal),70,Slow
0058,1 Attack ,"190 (24.8% with PokéBall, full HP)",50 (normal),70,Slow
0059,2 Attack ,"75 (9.8% with PokéBall, full HP)",50 (normal),194,Slow
0059,2 Attack ,"75 (9.8% with PokéBall, full HP)",50 (normal),194,Slow
0060,1 Speed ,"255 (33.3% with PokéBall, full HP)",50 (normal),60,Medium Slow
0061,2 Speed ,"120 (15.7% with PokéBall, full HP)",50 (normal),135,Medium Slow
0062,3 Defense ,"45 (5.9% with PokéBall, full HP)",50 (normal),230,Medium Slow
0063,1 Sp. Atk ,"200 (26.1% with PokéBall, full HP)",50 (normal),62,Medium Slow
0064,2 Sp. Atk ,"100 (13.1% with PokéBall, full HP)",50 (normal),140,Medium Slow
0065,3 Sp. Atk ,"50 (6.5% with PokéBall, full HP)",50 (normal),225,Medium Slow
0065,3 Sp. Atk ,"50 (6.5% with PokéBall, full HP)",50 (normal),225,Medium Slow
0066,1 Attack ,"180 (23.5% with PokéBall, full HP)",50 (normal),61,Medium Slow
0067,2 Attack ,"90 (11.8% with PokéBall, full HP)",50 (normal),142,Medium Slow
0068,3 Attack ,"45 (5.9% with PokéBall, full HP)",50 (normal),227,Medium Slow
0069,1 Attack ,"255 (33.3% with PokéBall, full HP)",50 (normal),60,Medium Slow
0070,2 Attack ,"120 (15.7% with PokéBall, full HP)",50 (normal),137,Medium Slow
0071,3 Attack ,"45 (5.9% with PokéBall, full HP)",50 (normal),221,Medium Slow
0072,1 Sp. Def ,"190 (24.8% with PokéBall, full HP)",50 (normal),67,Slow
0073,2 Sp. Def ,"60 (7.8% with PokéBall, full HP)",50 (normal),180,Slow
0074,1 Defense ,"255 (33.3% with PokéBall, full HP)",50 (normal),60,Medium Slow
0074,1 Defense ,"255 (33.3% with PokéBall, full HP)",50 (normal),60,Medium Slow
0075,2 Defense ,"120 (15.7% with PokéBall, full HP)",50 (normal),137,Medium Slow
0075,2 Defense ,"120 (15.7% with PokéBall, full HP)",50 (normal),137,Medium Slow
0076,3 Defense ,"45 (5.9% with PokéBall, full HP)",50 (normal),223,Medium Slow
0076,3 Defense ,"45 (5.9% with PokéBall, full HP)",50 (normal),223,Medium Slow
0077,1 Speed ,"190 (24.8% with PokéBall, full HP)",50 (normal),82,Medium Fast
0077,1 Speed ,"190 (24.8% with PokéBall, full HP)",50 (normal),82,Medium Fast
0078,2 Speed ,"60 (7.8% with PokéBall, full HP)",50 (normal),175,Medium Fast
0078,2 Speed ,"60 (7.8% with PokéBall, full HP)",50 (normal),175,Medium Fast
0079,1 HP ,"190 (24.8% with PokéBall, full HP)",50 (normal),63,Medium Fast
0079,1 HP ,"190 (24.8% with PokéBall, full HP)",50 (normal),63,Medium Fast
0080,2 Defense ,"75 (9.8% with PokéBall, full HP)",50 (normal),172,Medium Fast
0080,2 Defense ,"75 (9.8% with PokéBall, full HP)",50 (normal),172,Medium Fast
0080,2 Defense ,"75 (9.8% with PokéBall, full HP)",50 (normal),172,Medium Fast
0081,1 Sp. Atk ,"190 (24.8% with PokéBall, full HP)",50 (normal),65,Medium Fast
0082,2 Sp. Atk ,"60 (7.8% with PokéBall, full HP)",50 (normal),163,Medium Fast
0083,1 Attack ,"45 (5.9% with PokéBall, full HP)",50 (normal),132,Medium Fast
0083,1 Attack ,"45 (5.9% with PokéBall, full HP)",50 (normal),132,Medium Fast
0084,1 Attack ,"190 (24.8% with PokéBall, full HP)",50 (normal),62,Medium Fast
0085,2 Attack ,"45 (5.9% with PokéBall, full HP)",50 (normal),165,Medium Fast
0086,1 Sp. Def ,"190 (24.8% with PokéBall, full HP)",50 (normal),65,Medium Fast
0087,2 Sp. Def ,"75 (9.8% with PokéBall, full HP)",50 (normal),166,Medium Fast
0088,1 HP ,"190 (24.8% with PokéBall, full HP)",50 (normal),65,Medium Fast
0088,1 HP ,"190 (24.8% with PokéBall, full HP)",50 (normal),65,Medium Fast
0089,"1 HP, 1 Attack ","75 (9.8% with PokéBall, full HP)",50 (normal),175,Medium Fast
0089,"1 HP, 1 Attack ","75 (9.8% with PokéBall, full HP)",50 (normal),175,Medium Fast
0090,1 Defense ,"190 (24.8% with PokéBall, full HP)",50 (normal),61,Slow
0091,2 Defense ,"60 (7.8% with PokéBall, full HP)",50 (normal),184,Slow
0092,1 Sp. Atk ,"190 (24.8% with PokéBall, full HP)",50 (normal),62,Medium Slow
0093,2 Sp. Atk ,"90 (11.8% with PokéBall, full HP)",50 (normal),142,Medium Slow
0094,3 Sp. Atk ,"45 (5.9% with PokéBall, full HP)",50 (normal),250,Medium Slow
0094,3 Sp. Atk ,"45 (5.9% with PokéBall, full HP)",50 (normal),250,Medium Slow
0095,1 Defense ,"45 (5.9% with PokéBall, full HP)",50 (normal),77,Medium Fast
0096,1 Sp. Def ,"190 (24.8% with PokéBall, full HP)",50 (normal),66,Medium Fast
0097,2 Sp. Def ,"75 (9.8% with PokéBall, full HP)",50 (normal),169,Medium Fast
0098,1 Attack ,"225 (29.4% with PokéBall, full HP)",50 (normal),65,Medium Fast
0099,2 Attack ,"60 (7.8% with PokéBall, full HP)",50 (normal),166,Medium Fast
0100,1 Speed ,"190 (24.8% with PokéBall, full HP)",50 (normal),66,Medium Fast
0100,1 Speed ,"190 (24.8% with PokéBall, full HP)",50 (normal),66,Medium Fast
0101,2 Speed ,"60 (7.8% with PokéBall, full HP)",50 (normal),172,Medium Fast
0101,2 Speed ,"60 (7.8% with PokéBall, full HP)",50 (normal),172,Medium Fast
0102,1 Defense ,"90 (11.8% with PokéBall, full HP)",50 (normal),65,Slow
0103,2 Sp. Atk ,"45 (5.9% with PokéBall, full HP)",50 (normal),186,Slow
0103,2 Sp. Atk ,"45 (5.9% with PokéBall, full HP)",50 (normal),186,Slow
0104,1 Defense ,"190 (24.8% with PokéBall, full HP)",50 (normal),64,Medium Fast
0105,2 Defense ,"75 (9.8% with PokéBall, full HP)",50 (normal),149,Medium Fast
0105,2 Defense ,"75 (9.8% with PokéBall, full HP)",50 (normal),149,Medium Fast
0106,2 Attack ,"45 (5.9% with PokéBall, full HP)",50 (normal),159,Medium Fast
0107,2 Sp. Def ,"45 (5.9% with PokéBall, full HP)",50 (normal),159,Medium Fast
0108,2 HP ,"45 (5.9% with PokéBall, full HP)",50 (normal),77,Medium Fast
0109,1 Defense ,"190 (24.8% with PokéBall, full HP)",50 (normal),68,Medium Fast
0110,2 Defense ,"60 (7.8% with PokéBall, full HP)",50 (normal),172,Medium Fast
0110,2 Defense ,"60 (7.8% with PokéBall, full HP)",50 (normal),172,Medium Fast
0111,1 Defense ,"120 (15.7% with PokéBall, full HP)",50 (normal),69,Slow
0112,2 Attack ,"60 (7.8% with PokéBall, full HP)",50 (normal),170,Slow
0113,2 HP ,"30 (3.9% with PokéBall, full HP)",140 (higher than normal),395,Fast
0114,1 Defense ,"45 (5.9% with PokéBall, full HP)",50 (normal),87,Medium Fast
0115,2 HP ,"45 (5.9% with PokéBall, full HP)",50 (normal),172,Medium Fast
0115,2 HP ,"45 (5.9% with PokéBall, full HP)",50 (normal),172,Medium Fast
0116,1 Sp. Atk ,"225 (29.4% with PokéBall, full HP)",50 (normal),59,Medium Fast
0117,"1 Defense, 1 Sp. Atk ","75 (9.8% with PokéBall, full HP)",50 (normal),154,Medium Fast
0118,1 Attack ,"225 (29.4% with PokéBall, full HP)",50 (normal),64,Medium Fast
0119,2 Attack ,"60 (7.8% with PokéBall, full HP)",50 (normal),158,Medium Fast
0120,1 Speed ,"225 (29.4% with PokéBall, full HP)",50 (normal),68,Slow
0121,2 Speed ,"60 (7.8% with PokéBall, full HP)",50 (normal),182,Slow
0122,2 Sp. Def ,"45 (5.9% with PokéBall, full HP)",50 (normal),161,Medium Fast
0122,2 Sp. Def ,"45 (5.9% with PokéBall, full HP)",50 (normal),161,Medium Fast
0123,1 Attack ,"45 (5.9% with PokéBall, full HP)",50 (normal),100,Medium Fast
0124,2 Sp. Atk ,"45 (5.9% with PokéBall, full HP)",50 (normal),159,Medium Fast
0125,2 Speed ,"45 (5.9% with PokéBall, full HP)",50 (normal),172,Medium Fast
0126,2 Sp. Atk ,"45 (5.9% with PokéBall, full HP)",50 (normal),173,Medium Fast
0127,2 Attack ,"45 (5.9% with PokéBall, full HP)",50 (normal),175,Slow
0127,2 Attack ,"45 (5.9% with PokéBall, full HP)",50 (normal),175,Slow
0128,"1 Attack, 1 Speed ","45 (5.9% with PokéBall, full HP)",50 (normal),172,Slow
0128,"1 Attack, 1 Speed ","45 (5.9% with PokéBall, full HP)",50 (normal),172,Slow
0128,"1 Attack, 1 Speed ","45 (5.9% with PokéBall, full HP)",50 (normal),172,Slow
0128,"1 Attack, 1 Speed ","45 (5.9% with PokéBall, full HP)",50 (normal),172,Slow
0129,1 Speed ,"255 (33.3% with PokéBall, full HP)",50 (normal),40,Slow
0130,2 Attack ,"45 (5.9% with PokéBall, full HP)",50 (normal),189,Slow
0130,2 Attack ,"45 (5.9% with PokéBall, full HP)",50 (normal),189,Slow
0131,2 HP ,"45 (5.9% with PokéBall, full HP)",50 (normal),187,Slow
0132,1 HP ,"35 (4.6% with PokéBall, full HP)",50 (normal),101,Medium Fast
0133,1 Sp. Def ,"45 (5.9% with PokéBall, full HP)",50 (normal),65,Medium Fast
0133,1 Sp. Def ,"45 (5.9% with PokéBall, full HP)",50 (normal),65,Medium Fast
0134,2 HP ,"45 (5.9% with PokéBall, full HP)",50 (normal),184,Medium Fast
0135,2 Speed ,"45 (5.9% with PokéBall, full HP)",50 (normal),184,Medium Fast
0136,2 Attack ,"45 (5.9% with PokéBall, full HP)",50 (normal),184,Medium Fast
0137,1 Sp. Atk ,"45 (5.9% with PokéBall, full HP)",50 (normal),79,Medium Fast
0138,1 Defense ,"45 (5.9% with PokéBall, full HP)",50 (normal),71,Medium Fast
0139,2 Defense ,"45 (5.9% with PokéBall, full HP)",50 (normal),173,Medium Fast
0140,1 Defense ,"45 (5.9% with PokéBall, full HP)",50 (normal),71,Medium Fast
0141,2 Attack ,"45 (5.9% with PokéBall, full HP)",50 (normal),173,Medium Fast
0142,2 Speed ,"45 (5.9% with PokéBall, full HP)",50 (normal),180,Slow
0142,2 Speed ,"45 (5.9% with PokéBall, full HP)",50 (normal),180,Slow
0143,2 HP ,"25 (3.3% with PokéBall, full HP)",50 (normal),189,Slow
0144,3 Sp. Def ,"3 (0.4% with PokéBall, full HP)",35 (lower than normal),290,Slow
0144,3 Sp. Def ,"3 (0.4% with PokéBall, full HP)",35 (lower than normal),290,Slow
0145,3 Sp. Atk ,"3 (0.4% with PokéBall, full HP)",35 (lower than normal),290,Slow
0145,3 Sp. Atk ,"3 (0.4% with PokéBall, full HP)",35 (lower than normal),290,Slow
0146,3 Sp. Atk ,"3 (0.4% with PokéBall, full HP)",35 (lower than normal),290,Slow
0146,3 Sp. Atk ,"3 (0.4% with PokéBall, full HP)",35 (lower than normal),290,Slow
0147,1 Attack ,"45 (5.9% with PokéBall, full HP)",35 (lower than normal),60,Slow
0148,2 Attack ,"45 (5.9% with PokéBall, full HP)",35 (lower than normal),147,Slow
0149,3 Attack ,"45 (5.9% with PokéBall, full HP)",35 (lower than normal),300,Slow
0150,3 Sp. Atk ,"3 (0.4% with PokéBall, full HP)",0 (lower than normal),340,Slow
0150,3 Sp. Atk ,"3 (0.4% with PokéBall, full HP)",0 (lower than normal),340,Slow
0150,3 Sp. Atk ,"3 (0.4% with PokéBall, full HP)",0 (lower than normal),340,Slow
0151,3 HP ,"45 (5.9% with PokéBall, full HP)",100 (higher than normal),300,Medium Slow
0152,1 Sp. Def ,"45 (5.9% with PokéBall, full HP)",50 (normal),64,Medium Slow
0153,"1 Defense, 1 Sp. Def ","45 (5.9% with PokéBall, full HP)",50 (normal),142,Medium Slow
0154,"1 Defense, 2 Sp. Def ","45 (5.9% with PokéBall, full HP)",50 (normal),236,Medium Slow
0155,1 Speed ,"45 (5.9% with PokéBall, full HP)",50 (normal),62,Medium Slow
0156,"1 Sp. Atk, 1 Speed ","45 (5.9% with PokéBall, full HP)",50 (normal),142,Medium Slow
0157,3 Sp. Atk ,"45 (5.9% with PokéBall, full HP)",50 (normal),267,Medium Slow
0157,3 Sp. Atk ,"45 (5.9% with PokéBall, full HP)",50 (normal),267,Medium Slow
0158,1 Attack ,"45 (5.9% with PokéBall, full HP)",50 (normal),63,Medium Slow
0159,"1 Attack, 1 Defense ","45 (5.9% with PokéBall, full HP)",50 (normal),142,Medium Slow
0160,"2 Attack, 1 Defense ","45 (5.9% with PokéBall, full HP)",50 (normal),239,Medium Slow
0161,1 Attack ,"255 (33.3% with PokéBall, full HP)",50 (normal),43,Medium Fast
0162,2 Speed ,"90 (11.8% with PokéBall, full HP)",50 (normal),145,Medium Fast
0163,1 HP ,"255 (33.3% with PokéBall, full HP)",50 (normal),52,Medium Fast
0164,2 HP ,"90 (11.8% with PokéBall, full HP)",50 (normal),158,Medium Fast
0165,1 Sp. Def ,"255 (33.3% with PokéBall, full HP)",50 (normal),53,Fast
0166,2 Sp. Def ,"90 (11.8% with PokéBall, full HP)",50 (normal),137,Fast
0167,1 Attack ,"255 (33.3% with PokéBall, full HP)",50 (normal),50,Fast
0168,2 Attack ,"90 (11.8% with PokéBall, full HP)",50 (normal),140,Fast
0169,3 Speed ,"90 (11.8% with PokéBall, full HP)",50 (normal),241,Medium Fast
0170,1 HP ,"190 (24.8% with PokéBall, full HP)",50 (normal),66,Slow
0171,2 HP ,"75 (9.8% with PokéBall, full HP)",50 (normal),161,Slow
0172,1 Speed ,"190 (24.8% with PokéBall, full HP)",50 (normal),41,Medium Fast
0173,1 Sp. Def ,"150 (19.6% with PokéBall, full HP)",140 (higher than normal),44,Fast
0174,1 HP ,"170 (22.2% with PokéBall, full HP)",50 (normal),42,Fast
0175,1 Sp. Def ,"190 (24.8% with PokéBall, full HP)",50 (normal),49,Fast
0176,2 Sp. Def ,"75 (9.8% with PokéBall, full HP)",50 (normal),142,Fast
0177,1 Sp. Atk ,"190 (24.8% with PokéBall, full HP)",50 (normal),64,Medium Fast
0178,"1 Sp. Atk, 1 Speed ","75 (9.8% with PokéBall, full HP)",50 (normal),165,Medium Fast
0179,1 Sp. Atk ,"235 (30.7% with PokéBall, full HP)",50 (normal),56,Medium Slow
0180,2 Sp. Atk ,"120 (15.7% with PokéBall, full HP)",50 (normal),128,Medium Slow
0181,3 Sp. Atk ,"45 (5.9% with PokéBall, full HP)",50 (normal),255,Medium Slow
0181,3 Sp. Atk ,"45 (5.9% with PokéBall, full HP)",50 (normal),255,Medium Slow
0182,3 Sp. Def ,"45 (5.9% with PokéBall, full HP)",50 (normal),221,Medium Slow
0183,2 HP ,"190 (24.8% with PokéBall, full HP)",50 (normal),88,Fast
0184,3 HP ,"75 (9.8% with PokéBall, full HP)",50 (normal),210,Fast
0185,2 Defense ,"65 (8.5% with PokéBall, full HP)",50 (normal),144,Medium Fast
0186,3 Sp. Def ,"45 (5.9% with PokéBall, full HP)",50 (normal),225,Medium Slow
0187,1 Sp. Def ,"255 (33.3% with PokéBall, full HP)",50 (normal),50,Medium Slow
0188,2 Speed ,"120 (15.7% with PokéBall, full HP)",50 (normal),119,Medium Slow
0189,3 Speed ,"45 (5.9% with PokéBall, full HP)",50 (normal),230,Medium Slow
0190,1 Speed ,"45 (5.9% with PokéBall, full HP)",50 (normal),72,Fast
0191,1 Sp. Atk ,"235 (30.7% with PokéBall, full HP)",50 (normal),36,Medium Slow
0192,2 Sp. Atk ,"120 (15.7% with PokéBall, full HP)",50 (normal),149,Medium Slow
0193,1 Speed ,"75 (9.8% with PokéBall, full HP)",50 (normal),78,Medium Fast
0194,1 HP ,"255 (33.3% with PokéBall, full HP)",50 (normal),42,Medium Fast
0194,1 HP ,"255 (33.3% with PokéBall, full HP)",50 (normal),42,Medium Fast
0195,2 HP ,"90 (11.8% with PokéBall, full HP)",50 (normal),151,Medium Fast
0196,2 Sp. Atk ,"45 (5.9% with PokéBall, full HP)",50 (normal),184,Medium Fast
0197,2 Sp. Def ,"45 (5.9% with PokéBall, full HP)",35 (lower than normal),184,Medium Fast
0198,1 Speed ,"30 (3.9% with PokéBall, full HP)",35 (lower than normal),81,Medium Slow
0199,2 Sp. Def ,"70 (9.1% with PokéBall, full HP)",50 (normal),172,Medium Fast
0199,2 Sp. Def ,"70 (9.1% with PokéBall, full HP)",50 (normal),172,Medium Fast
0200,1 Sp. Def ,"45 (5.9% with PokéBall, full HP)",35 (lower than normal),87,Fast
0201,"1 Attack, 1 Sp. Atk ","225 (29.4% with PokéBall, full HP)",50 (normal),118,Medium Fast
0202,2 HP ,"45 (5.9% with PokéBall, full HP)",50 (normal),142,Medium Fast
0203,2 Sp. Atk ,"60 (7.8% with PokéBall, full HP)",50 (normal),159,Medium Fast
0204,1 Defense ,"190 (24.8% with PokéBall, full HP)",50 (normal),58,Medium Fast
0205,2 Defense ,"75 (9.8% with PokéBall, full HP)",50 (normal),163,Medium Fast
0206,1 HP ,"190 (24.8% with PokéBall, full HP)",50 (normal),145,Medium Fast
0207,1 Defense ,"60 (7.8% with PokéBall, full HP)",50 (normal),86,Medium Slow
0208,2 Defense ,"25 (3.3% with PokéBall, full HP)",50 (normal),179,Medium Fast
0208,2 Defense ,"25 (3.3% with PokéBall, full HP)",50 (normal),179,Medium Fast
0209,1 Attack ,"190 (24.8% with PokéBall, full HP)",50 (normal),60,Fast
0210,2 Attack ,"75 (9.8% with PokéBall, full HP)",50 (normal),158,Fast
0211,1 Attack ,"45 (5.9% with PokéBall, full HP)",50 (normal),88,Medium Fast
0211,1 Attack ,"45 (5.9% with PokéBall, full HP)",50 (normal),88,Medium Fast
0212,2 Attack ,"25 (3.3% with PokéBall, full HP)",50 (normal),175,Medium Fast
0212,2 Attack ,"25 (3.3% with PokéBall, full HP)",50 (normal),175,Medium Fast
0213,"1 Defense, 1 Sp. Def ","190 (24.8% with PokéBall, full HP)",50 (normal),177,Medium Slow
0214,2 Attack ,"45 (5.9% with PokéBall, full HP)",50 (normal),175,Slow
0214,2 Attack ,"45 (5.9% with PokéBall, full HP)",50 (normal),175,Slow
0215,1 Speed ,"60 (7.8% with PokéBall, full HP)",35 (lower than normal),86,Medium Slow
0215,1 Speed ,"60 (7.8% with PokéBall, full HP)",35 (lower than normal),86,Medium Slow
0216,1 Attack ,"120 (15.7% with PokéBall, full HP)",50 (normal),66,Medium Fast
0217,2 Attack ,"60 (7.8% with PokéBall, full HP)",50 (normal),175,Medium Fast
0218,1 Sp. Atk ,"190 (24.8% with PokéBall, full HP)",50 (normal),50,Medium Fast
0219,2 Defense ,"75 (9.8% with PokéBall, full HP)",50 (normal),151,Medium Fast
0220,1 Attack ,"225 (29.4% with PokéBall, full HP)",50 (normal),50,Slow
0221,"1 HP, 1 Attack ","75 (9.8% with PokéBall, full HP)",50 (normal),158,Slow
0222,"1 Defense, 1 Sp. Def ","60 (7.8% with PokéBall, full HP)",50 (normal),144,Fast
0222,"1 Defense, 1 Sp. Def ","60 (7.8% with PokéBall, full HP)",50 (normal),144,Fast
0223,1 Sp. Atk ,"190 (24.8% with PokéBall, full HP)",50 (normal),60,Medium Fast
0224,"1 Attack, 1 Sp. Atk ","75 (9.8% with PokéBall, full HP)",50 (normal),168,Medium Fast
0225,1 Speed ,"45 (5.9% with PokéBall, full HP)",50 (normal),116,Fast
0226,2 Sp. Def ,"25 (3.3% with PokéBall, full HP)",50 (normal),170,Slow
0227,2 Defense ,"25 (3.3% with PokéBall, full HP)",50 (normal),163,Slow
0228,1 Sp. Atk ,"120 (15.7% with PokéBall, full HP)",35 (lower than normal),66,Slow
0229,2 Sp. Atk ,"45 (5.9% with PokéBall, full HP)",35 (lower than normal),175,Slow
0229,2 Sp. Atk ,"45 (5.9% with PokéBall, full HP)",35 (lower than normal),175,Slow
0230,"1 Attack, 1 Sp. Atk, 1 Sp. Def ","45 (5.9% with PokéBall, full HP)",50 (normal),243,Medium Fast
0231,1 HP ,"120 (15.7% with PokéBall, full HP)",50 (normal),66,Medium Fast
0232,"1 Attack, 1 Defense ","60 (7.8% with PokéBall, full HP)",50 (normal),175,Medium Fast
0233,2 Sp. Atk ,"45 (5.9% with PokéBall, full HP)",50 (normal),180,Medium Fast
0234,1 Attack ,"45 (5.9% with PokéBall, full HP)",50 (normal),163,Slow
0235,1 Speed ,"45 (5.9% with PokéBall, full HP)",50 (normal),88,Fast
0236,1 Attack ,"75 (9.8% with PokéBall, full HP)",50 (normal),42,Medium Fast
0237,2 Sp. Def ,"45 (5.9% with PokéBall, full HP)",50 (normal),159,Medium Fast
0238,1 Sp. Atk ,"45 (5.9% with PokéBall, full HP)",50 (normal),61,Medium Fast
0239,1 Speed ,"45 (5.9% with PokéBall, full HP)",50 (normal),72,Medium Fast
0240,1 Speed ,"45 (5.9% with PokéBall, full HP)",50 (normal),73,Medium Fast
0241,2 Defense ,"45 (5.9% with PokéBall, full HP)",50 (normal),172,Slow
0242,3 HP ,"30 (3.9% with PokéBall, full HP)",140 (higher than normal),635,Fast
0243,"1 Sp. Atk, 2 Speed ","3 (0.4% with PokéBall, full HP)",35 (lower than normal),261,Slow
0244,"1 HP, 2 Attack ","3 (0.4% with PokéBall, full HP)",35 (lower than normal),261,Slow
0245,"1 Defense, 2 Sp. Def ","3 (0.4% with PokéBall, full HP)",35 (lower than normal),261,Slow
0246,1 Attack ,"45 (5.9% with PokéBall, full HP)",35 (lower than normal),60,Slow
0247,2 Attack ,"45 (5.9% with PokéBall, full HP)",35 (lower than normal),144,Slow
0248,3 Attack ,"45 (5.9% with PokéBall, full HP)",35 (lower than normal),300,Slow
0248,3 Attack ,"45 (5.9% with PokéBall, full HP)",35 (lower than normal),300,Slow
0249,3 Sp. Def ,"3 (0.4% with PokéBall, full HP)",0 (lower than normal),306,Slow
0250,3 Sp. Def ,"3 (0.4% with PokéBall, full HP)",0 (lower than normal),306,Slow
0251,3 HP ,"45 (5.9% with PokéBall, full HP)",100 (higher than normal),270,Medium Slow
0252,1 Speed ,"45 (5.9% with PokéBall, full HP)",50 (normal),62,Medium Slow
0253,2 Speed ,"45 (5.9% with PokéBall, full HP)",50 (normal),142,Medium Slow
0254,3 Speed ,"45 (5.9% with PokéBall, full HP)",50 (normal),239,Medium Slow
0254,3 Speed ,"45 (5.9% with PokéBall, full HP)",50 (normal),239,Medium Slow
0255,1 Sp. Atk ,"45 (5.9% with PokéBall, full HP)",50 (normal),62,Medium Slow
0256,"1 Attack, 1 Sp. Atk ","45 (5.9% with PokéBall, full HP)",50 (normal),142,Medium Slow
0257,3 Attack ,"45 (5.9% with PokéBall, full HP)",50 (normal),239,Medium Slow
0257,3 Attack ,"45 (5.9% with PokéBall, full HP)",50 (normal),239,Medium Slow
0258,1 Attack ,"45 (5.9% with PokéBall, full HP)",50 (normal),62,Medium Slow
0259,2 Attack ,"45 (5.9% with PokéBall, full HP)",50 (normal),142,Medium Slow
0260,3 Attack ,"45 (5.9% with PokéBall, full HP)",50 (normal),241,Medium Slow
0260,3 Attack ,"45 (5.9% with PokéBall, full HP)",50 (normal),241,Medium Slow
0261,1 Attack ,"255 (33.3% with PokéBall, full HP)",50 (normal),56,Medium Fast
0262,2 Attack ,"127 (16.6% with PokéBall, full HP)",50 (normal),147,Medium Fast
0263,1 Speed ,"255 (33.3% with PokéBall, full HP)",50 (normal),56,Medium Fast
0263,1 Speed ,"255 (33.3% with PokéBall, full HP)",50 (normal),56,Medium Fast
0264,2 Speed ,"90 (11.8% with PokéBall, full HP)",50 (normal),147,Medium Fast
0264,2 Speed ,"90 (11.8% with PokéBall, full HP)",50 (normal),147,Medium Fast
0265,1 HP ,"255 (33.3% with PokéBall, full HP)",50 (normal),56,Medium Fast
0266,2 Defense ,"120 (15.7% with PokéBall, full HP)",50 (normal),72,Medium Fast
0267,3 Sp. Atk ,"45 (5.9% with PokéBall, full HP)",50 (normal),178,Medium Fast
0268,2 Defense ,"120 (15.7% with PokéBall, full HP)",50 (normal),72,Medium Fast
0269,3 Sp. Def ,"45 (5.9% with PokéBall, full HP)",50 (normal),173,Medium Fast
0270,1 Sp. Def ,"255 (33.3% with PokéBall, full HP)",50 (normal),44,Medium Slow
0271,2 Sp. Def ,"120 (15.7% with PokéBall, full HP)",50 (normal),119,Medium Slow
0272,3 Sp. Def ,"45 (5.9% with PokéBall, full HP)",50 (normal),216,Medium Slow
0273,1 Defense ,"255 (33.3% with PokéBall, full HP)",50 (normal),44,Medium Slow
0274,2 Attack ,"120 (15.7% with PokéBall, full HP)",50 (normal),119,Medium Slow
0275,3 Attack ,"45 (5.9% with PokéBall, full HP)",50 (normal),216,Medium Slow
0276,1 Speed ,"200 (26.1% with PokéBall, full HP)",50 (normal),54,Medium Slow
0277,2 Speed ,"45 (5.9% with PokéBall, full HP)",50 (normal),159,Medium Slow
0278,1 Speed ,"190 (24.8% with PokéBall, full HP)",50 (normal),54,Medium Fast
0279,2 Defense ,"45 (5.9% with PokéBall, full HP)",50 (normal),154,Medium Fast
0280,1 Sp. Atk ,"235 (30.7% with PokéBall, full HP)",35 (lower than normal),40,Slow
0281,2 Sp. Atk ,"120 (15.7% with PokéBall, full HP)",35 (lower than normal),97,Slow
0282,3 Sp. Atk ,"45 (5.9% with PokéBall, full HP)",35 (lower than normal),259,Slow
0282,3 Sp. Atk ,"45 (5.9% with PokéBall, full HP)",35 (lower than normal),259,Slow
0283,1 Speed ,"200 (26.1% with PokéBall, full HP)",50 (normal),54,Medium Fast
0284,"1 Sp. Atk, 1 Sp. Def ","75 (9.8% with PokéBall, full HP)",50 (normal),159,Medium Fast
0285,1 HP ,"255 (33.3% with PokéBall, full HP)",50 (normal),59,Fluctuating
0286,2 Attack ,"90 (11.8% with PokéBall, full HP)",50 (normal),161,Fluctuating
0287,1 HP ,"255 (33.3% with PokéBall, full HP)",50 (normal),56,Slow
0288,2 Speed ,"120 (15.7% with PokéBall, full HP)",50 (normal),154,Slow
0289,3 HP ,"45 (5.9% with PokéBall, full HP)",50 (normal),285,Slow
0290,1 Defense ,"255 (33.3% with PokéBall, full HP)",50 (normal),53,Erratic
0291,2 Speed ,"120 (15.7% with PokéBall, full HP)",50 (normal),160,Erratic
0292,2 HP ,"45 (5.9% with PokéBall, full HP)",50 (normal),83,Erratic
0293,1 HP ,"190 (24.8% with PokéBall, full HP)",50 (normal),48,Medium Slow
0294,2 HP ,"120 (15.7% with PokéBall, full HP)",50 (normal),126,Medium Slow
0295,3 HP ,"45 (5.9% with PokéBall, full HP)",50 (normal),221,Medium Slow
0296,1 HP ,"180 (23.5% with PokéBall, full HP)",50 (normal),47,Fluctuating
0297,2 HP ,"200 (26.1% with PokéBall, full HP)",50 (normal),166,Fluctuating
0298,1 HP ,"150 (19.6% with PokéBall, full HP)",50 (normal),38,Fast
0299,1 Defense ,"255 (33.3% with PokéBall, full HP)",50 (normal),75,Medium Fast
0300,1 Speed ,"255 (33.3% with PokéBall, full HP)",50 (normal),52,Fast
0301,"1 HP, 1 Speed ","60 (7.8% with PokéBall, full HP)",50 (normal),140,Fast
0302,"1 Attack, 1 Defense ","45 (5.9% with PokéBall, full HP)",35 (lower than normal),133,Medium Slow
0302,"1 Attack, 1 Defense ","45 (5.9% with PokéBall, full HP)",35 (lower than normal),133,Medium Slow
0303,"1 Attack, 1 Defense ","45 (5.9% with PokéBall, full HP)",50 (normal),133,Fast
0303,"1 Attack, 1 Defense ","45 (5.9% with PokéBall, full HP)",50 (normal),133,Fast
0304,1 Defense ,"180 (23.5% with PokéBall, full HP)",35 (lower than normal),66,Slow
0305,2 Defense ,"90 (11.8% with PokéBall, full HP)",35 (lower than normal),151,Slow
0306,3 Defense ,"45 (5.9% with PokéBall, full HP)",35 (lower than normal),239,Slow
0306,3 Defense ,"45 (5.9% with PokéBall, full HP)",35 (lower than normal),239,Slow
0307,1 Speed ,"180 (23.5% with PokéBall, full HP)",50 (normal),56,Medium Fast
0308,2 Speed ,"90 (11.8% with PokéBall, full HP)",50 (normal),144,Medium Fast
0308,2 Speed ,"90 (11.8% with PokéBall, full HP)",50 (normal),144,Medium Fast
0309,1 Speed ,"120 (15.7% with PokéBall, full HP)",50 (normal),59,Slow
0310,2 Speed ,"45 (5.9% with PokéBall, full HP)",50 (normal),166,Slow
0310,2 Speed ,"45 (5.9% with PokéBall, full HP)",50 (normal),166,Slow
0311,1 Speed ,"200 (26.1% with PokéBall, full HP)",50 (normal),142,Medium Fast
0312,1 Speed ,"200 (26.1% with PokéBall, full HP)",50 (normal),142,Medium Fast
0313,1 Speed ,"150 (19.6% with PokéBall, full HP)",50 (normal),151,Erratic
0314,1 Speed ,"150 (19.6% with PokéBall, full HP)",50 (normal),151,Fluctuating
0315,2 Sp. Atk ,"150 (19.6% with PokéBall, full HP)",50 (normal),140,Medium Slow
0316,1 HP ,"225 (29.4% with PokéBall, full HP)",50 (normal),60,Fluctuating
0317,2 HP ,"75 (9.8% with PokéBall, full HP)",50 (normal),163,Fluctuating
0318,1 Attack ,"225 (29.4% with PokéBall, full HP)",35 (lower than normal),61,Slow
0319,2 Attack ,"60 (7.8% with PokéBall, full HP)",35 (lower than normal),161,Slow
0319,2 Attack ,"60 (7.8% with PokéBall, full HP)",35 (lower than normal),161,Slow
0320,1 HP ,"125 (16.3% with PokéBall, full HP)",50 (normal),80,Fluctuating
0321,2 HP ,"60 (7.8% with PokéBall, full HP)",50 (normal),175,Fluctuating
0322,1 Sp. Atk ,"255 (33.3% with PokéBall, full HP)",50 (normal),61,Medium Fast
0323,"1 Attack, 1 Sp. Atk ","150 (19.6% with PokéBall, full HP)",50 (normal),161,Medium Fast
0323,"1 Attack, 1 Sp. Atk ","150 (19.6% with PokéBall, full HP)",50 (normal),161,Medium Fast
0324,2 Defense ,"90 (11.8% with PokéBall, full HP)",50 (normal),165,Medium Fast
0325,1 Sp. Def ,"255 (33.3% with PokéBall, full HP)",50 (normal),66,Fast
0326,2 Sp. Def ,"60 (7.8% with PokéBall, full HP)",50 (normal),165,Fast
0327,1 Sp. Atk ,"255 (33.3% with PokéBall, full HP)",50 (normal),126,Fast
0328,1 Attack ,"255 (33.3% with PokéBall, full HP)",50 (normal),58,Medium Slow
0329,"1 Attack, 1 Speed ","120 (15.7% with PokéBall, full HP)",50 (normal),119,Medium Slow
0330,"1 Attack, 2 Speed ","45 (5.9% with PokéBall, full HP)",50 (normal),234,Medium Slow
0331,1 Sp. Atk ,"190 (24.8% with PokéBall, full HP)",35 (lower than normal),67,Medium Slow
0332,"1 Attack, 1 Sp. Atk ","60 (7.8% with PokéBall, full HP)",35 (lower than normal),166,Medium Slow
0333,1 Sp. Def ,"255 (33.3% with PokéBall, full HP)",50 (normal),62,Erratic
0334,2 Sp. Def ,"45 (5.9% with PokéBall, full HP)",50 (normal),172,Erratic
0334,2 Sp. Def ,"45 (5.9% with PokéBall, full HP)",50 (normal),172,Erratic
0335,2 Attack ,"90 (11.8% with PokéBall, full HP)",50 (normal),160,Erratic
0336,"1 Attack, 1 Sp. Atk ","90 (11.8% with PokéBall, full HP)",50 (normal),160,Fluctuating
0337,2 Sp. Atk ,"45 (5.9% with PokéBall, full HP)",50 (normal),161,Fast
0338,2 Attack ,"45 (5.9% with PokéBall, full HP)",50 (normal),161,Fast
0339,1 HP ,"190 (24.8% with PokéBall, full HP)",50 (normal),58,Medium Fast
0340,2 HP ,"75 (9.8% with PokéBall, full HP)",50 (normal),164,Medium Fast
0341,1 Attack ,"205 (26.8% with PokéBall, full HP)",50 (normal),62,Fluctuating
0342,2 Attack ,"155 (20.3% with PokéBall, full HP)",50 (normal),164,Fluctuating
0343,1 Sp. Def ,"255 (33.3% with PokéBall, full HP)",50 (normal),60,Medium Fast
0344,2 Sp. Def ,"90 (11.8% with PokéBall, full HP)",50 (normal),175,Medium Fast
0345,1 Sp. Def ,"45 (5.9% with PokéBall, full HP)",50 (normal),71,Erratic
0346,2 Sp. Def ,"45 (5.9% with PokéBall, full HP)",50 (normal),173,Erratic
0347,1 Attack ,"45 (5.9% with PokéBall, full HP)",50 (normal),71,Erratic
0348,2 Attack ,"45 (5.9% with PokéBall, full HP)",50 (normal),173,Erratic
0349,1 Speed ,"255 (33.3% with PokéBall, full HP)",50 (normal),40,Erratic
0350,2 Sp. Def ,"60 (7.8% with PokéBall, full HP)",50 (normal),189,Erratic
0351,1 HP ,"45 (5.9% with PokéBall, full HP)",50 (normal),147,Medium Fast
0351,1 HP ,"45 (5.9% with PokéBall, full HP)",50 (normal),147,Medium Fast
0351,1 HP ,"45 (5.9% with PokéBall, full HP)",50 (normal),147,Medium Fast
0351,1 HP ,"45 (5.9% with PokéBall, full HP)",50 (normal),147,Medium Fast
0352,1 Sp. Def ,"200 (26.1% with PokéBall, full HP)",50 (normal),154,Medium Slow
0353,1 Attack ,"225 (29.4% with PokéBall, full HP)",35 (lower than normal),59,Fast
0354,2 Attack ,"45 (5.9% with PokéBall, full HP)",35 (lower than normal),159,Fast
0354,2 Attack ,"45 (5.9% with PokéBall, full HP)",35 (lower than normal),159,Fast
0355,1 Sp. Def ,"190 (24.8% with PokéBall, full HP)",35 (lower than normal),59,Fast
0356,"1 Defense, 1 Sp. Def ","90 (11.8% with PokéBall, full HP)",35 (lower than normal),159,Fast
0357,2 HP ,"200 (26.1% with PokéBall, full HP)",50 (normal),161,Slow
0358,"1 Sp. Atk, 1 Sp. Def ","45 (5.9% with PokéBall, full HP)",50 (normal),159,Fast
0359,2 Attack ,"30 (3.9% with PokéBall, full HP)",35 (lower than normal),163,Medium Slow
0359,2 Attack ,"30 (3.9% with PokéBall, full HP)",35 (lower than normal),163,Medium Slow
0360,1 HP ,"125 (16.3% with PokéBall, full HP)",50 (normal),52,Medium Fast
0361,1 HP ,"190 (24.8% with PokéBall, full HP)",50 (normal),60,Medium Fast
0362,2 HP ,"75 (9.8% with PokéBall, full HP)",50 (normal),168,Medium Fast
0362,2 HP ,"75 (9.8% with PokéBall, full HP)",50 (normal),168,Medium Fast
0363,1 HP ,"255 (33.3% with PokéBall, full HP)",50 (normal),58,Medium Slow
0364,2 HP ,"120 (15.7% with PokéBall, full HP)",50 (normal),144,Medium Slow
0365,3 HP ,"45 (5.9% with PokéBall, full HP)",50 (normal),239,Medium Slow
0366,1 Defense ,"255 (33.3% with PokéBall, full HP)",50 (normal),69,Erratic
0367,"1 Attack, 1 Defense ","60 (7.8% with PokéBall, full HP)",50 (normal),170,Erratic
0368,2 Sp. Atk ,"60 (7.8% with PokéBall, full HP)",50 (normal),170,Erratic
0369,"1 HP, 1 Defense ","25 (3.3% with PokéBall, full HP)",50 (normal),170,Slow
0370,1 Speed ,"225 (29.4% with PokéBall, full HP)",50 (normal),116,Fast
0371,1 Attack ,"45 (5.9% with PokéBall, full HP)",35 (lower than normal),60,Slow
0372,2 Defense ,"45 (5.9% with PokéBall, full HP)",35 (lower than normal),147,Slow
0373,3 Attack ,"45 (5.9% with PokéBall, full HP)",35 (lower than normal),300,Slow
0373,3 Attack ,"45 (5.9% with PokéBall, full HP)",35 (lower than normal),300,Slow
0374,1 Defense ,"3 (0.4% with PokéBall, full HP)",35 (lower than normal),60,Slow
0375,2 Defense ,"3 (0.4% with PokéBall, full HP)",35 (lower than normal),147,Slow
0376,3 Defense ,"3 (0.4% with PokéBall, full HP)",35 (lower than normal),270,Slow
0376,3 Defense ,"3 (0.4% with PokéBall, full HP)",35 (lower than normal),270,Slow
0377,3 Defense ,"3 (0.4% with PokéBall, full HP)",35 (lower than normal),261,Slow
0378,3 Sp. Def ,"3 (0.4% with PokéBall, full HP)",35 (lower than normal),261,Slow
0379,"2 Defense, 1 Sp. Def ","3 (0.4% with PokéBall, full HP)",35 (lower than normal),261,Slow
0380,3 Sp. Def ,"3 (0.4% with PokéBall, full HP)",90 (higher than normal),270,Slow
0380,3 Sp. Def ,"3 (0.4% with PokéBall, full HP)",90 (higher than normal),270,Slow
0381,3 Sp. Atk ,"3 (0.4% with PokéBall, full HP)",90 (higher than normal),270,Slow
0381,3 Sp. Atk ,"3 (0.4% with PokéBall, full HP)",90 (higher than normal),270,Slow
0382,3 Sp. Atk ,"3 (0.4% with PokéBall, full HP)",0 (lower than normal),335,Slow
0382,3 Sp. Atk ,"3 (0.4% with PokéBall, full HP)",0 (lower than normal),335,Slow
0383,3 Attack ,"3 (0.4% with PokéBall, full HP)",0 (lower than normal),335,Slow
0383,3 Attack ,"3 (0.4% with PokéBall, full HP)",0 (lower than normal),335,Slow
0384,"2 Attack, 1 Sp. Atk ","45 (5.9% with PokéBall, full HP)",0 (lower than normal),340,Slow
0384,"2 Attack, 1 Sp. Atk ","45 (5.9% with PokéBall, full HP)",0 (lower than normal),340,Slow
0385,3 HP ,"3 (0.4% with PokéBall, full HP)",100 (higher than normal),270,Slow
0386,"1 Attack, 1 Sp. Atk, 1 Speed ","3 (0.4% with PokéBall, full HP)",0 (lower than normal),270,Slow
0386,"1 Attack, 1 Sp. Atk, 1 Speed ","3 (0.4% with PokéBall, full HP)",0 (lower than normal),270,Slow
0386,"1 Attack, 1 Sp. Atk, 1 Speed ","3 (0.4% with PokéBall, full HP)",0 (lower than normal),270,Slow
0386,"1 Attack, 1 Sp. Atk, 1 Speed ","3 (0.4% with PokéBall, full HP)",0 (lower than normal),270,Slow
0387,1 Attack ,"45 (5.9% with PokéBall, full HP)",50 (normal),64,Medium Slow
0388,"1 Attack, 1 Defense ","45 (5.9% with PokéBall, full HP)",50 (normal),142,Medium Slow
0389,"2 Attack, 1 Defense ","45 (5.9% with PokéBall, full HP)",50 (normal),236,Medium Slow
0390,1 Speed ,"45 (5.9% with PokéBall, full HP)",50 (normal),62,Medium Slow
0391,"1 Sp. Atk, 1 Speed ","45 (5.9% with PokéBall, full HP)",50 (normal),142,Medium Slow
0392,"1 Attack, 1 Sp. Atk, 1 Speed ","45 (5.9% with PokéBall, full HP)",50 (normal),240,Medium Slow
0393,1 Sp. Atk ,"45 (5.9% with PokéBall, full HP)",50 (normal),63,Medium Slow
0394,2 Sp. Atk ,"45 (5.9% with PokéBall, full HP)",50 (normal),142,Medium Slow
0395,3 Sp. Atk ,"45 (5.9% with PokéBall, full HP)",50 (normal),239,Medium Slow
0396,1 Speed ,"255 (33.3% with PokéBall, full HP)",50 (normal),49,Medium Slow
0397,2 Speed ,"120 (15.7% with PokéBall, full HP)",50 (normal),119,Medium Slow
0398,3 Attack ,"45 (5.9% with PokéBall, full HP)",50 (normal),243,Medium Slow
0399,1 HP ,"255 (33.3% with PokéBall, full HP)",50 (normal),50,Medium Fast
0400,2 Attack ,"127 (16.6% with PokéBall, full HP)",50 (normal),144,Medium Fast
0401,1 Defense ,"255 (33.3% with PokéBall, full HP)",50 (normal),39,Medium Slow
0402,2 Attack ,"45 (5.9% with PokéBall, full HP)",50 (normal),134,Medium Slow
0403,1 Attack ,"235 (30.7% with PokéBall, full HP)",50 (normal),53,Medium Slow
0404,2 Attack ,"120 (15.7% with PokéBall, full HP)",100 (higher than normal),127,Medium Slow
0405,3 Attack ,"45 (5.9% with PokéBall, full HP)",50 (normal),262,Medium Slow
0406,1 Sp. Atk ,"255 (33.3% with PokéBall, full HP)",50 (normal),56,Medium Slow
0407,3 Sp. Atk ,"75 (9.8% with PokéBall, full HP)",50 (normal),232,Medium Slow
0408,1 Attack ,"45 (5.9% with PokéBall, full HP)",50 (normal),70,Erratic
0409,2 Attack ,"45 (5.9% with PokéBall, full HP)",50 (normal),173,Erratic
0410,1 Defense ,"45 (5.9% with PokéBall, full HP)",50 (normal),70,Erratic
0411,2 Defense ,"45 (5.9% with PokéBall, full HP)",50 (normal),173,Erratic
0412,1 Sp. Def ,"120 (15.7% with PokéBall, full HP)",50 (normal),45,Medium Fast
0412,1 Sp. Def ,"120 (15.7% with PokéBall, full HP)",50 (normal),45,Medium Fast
0412,1 Sp. Def ,"120 (15.7% with PokéBall, full HP)",50 (normal),45,Medium Fast
0413,2 Sp. Def ,"45 (5.9% with PokéBall, full HP)",50 (normal),148,Medium Fast
0413,2 Sp. Def ,"45 (5.9% with PokéBall, full HP)",50 (normal),148,Medium Fast
0413,2 Sp. Def ,"45 (5.9% with PokéBall, full HP)",50 (normal),148,Medium Fast
0414,"1 Attack, 1 Sp. Atk ","45 (5.9% with PokéBall, full HP)",50 (normal),148,Medium Fast
0415,1 Speed ,"120 (15.7% with PokéBall, full HP)",50 (normal),49,Medium Slow
0416,"1 Defense, 1 Sp. Def ","45 (5.9% with PokéBall, full HP)",50 (normal),166,Medium Slow
0417,1 Speed ,"200 (26.1% with PokéBall, full HP)",100 (higher than normal),142,Medium Fast
0418,1 Speed ,"190 (24.8% with PokéBall, full HP)",50 (normal),66,Medium Fast
0419,2 Speed ,"75 (9.8% with PokéBall, full HP)",50 (normal),173,Medium Fast
0420,1 Sp. Atk ,"190 (24.8% with PokéBall, full HP)",50 (normal),55,Medium Fast
0421,2 Sp. Atk ,"75 (9.8% with PokéBall, full HP)",50 (normal),158,Medium Fast
0422,1 HP ,"190 (24.8% with PokéBall, full HP)",50 (normal),65,Medium Fast
0423,2 HP ,"75 (9.8% with PokéBall, full HP)",50 (normal),166,Medium Fast
0424,2 Speed ,"45 (5.9% with PokéBall, full HP)",100 (higher than normal),169,Fast
0425,1 HP ,"125 (16.3% with PokéBall, full HP)",50 (normal),70,Fluctuating
0426,2 HP ,"60 (7.8% with PokéBall, full HP)",50 (normal),174,Fluctuating
0427,1 Speed ,"190 (24.8% with PokéBall, full HP)",0 (lower than normal),70,Medium Fast
0428,2 Speed ,"60 (7.8% with PokéBall, full HP)",140 (higher than normal),168,Medium Fast
0428,2 Speed ,"60 (7.8% with PokéBall, full HP)",140 (higher than normal),168,Medium Fast
0429,"1 Sp. Atk, 1 Sp. Def ","45 (5.9% with PokéBall, full HP)",35 (lower than normal),173,Fast
0430,2 Attack ,"30 (3.9% with PokéBall, full HP)",35 (lower than normal),177,Medium Slow
0431,1 Speed ,"190 (24.8% with PokéBall, full HP)",50 (normal),62,Fast
0432,2 Speed ,"75 (9.8% with PokéBall, full HP)",50 (normal),158,Fast
0433,1 Sp. Atk ,"120 (15.7% with PokéBall, full HP)",50 (normal),57,Fast
0434,1 Speed ,"225 (29.4% with PokéBall, full HP)",50 (normal),66,Medium Fast
0435,2 HP ,"60 (7.8% with PokéBall, full HP)",50 (normal),168,Medium Fast
0436,1 Defense ,"255 (33.3% with PokéBall, full HP)",50 (normal),60,Medium Fast
0437,"1 Defense, 1 Sp. Def ","90 (11.8% with PokéBall, full HP)",50 (normal),175,Medium Fast
0438,1 Defense ,"255 (33.3% with PokéBall, full HP)",50 (normal),58,Medium Fast
0439,1 Sp. Def ,"145 (19.0% with PokéBall, full HP)",50 (normal),62,Medium Fast
0440,1 HP ,"130 (17.0% with PokéBall, full HP)",140 (higher than normal),110,Fast
0441,1 Attack ,"30 (3.9% with PokéBall, full HP)",35 (lower than normal),144,Medium Slow
0442,"1 Defense, 1 Sp. Def ","100 (13.1% with PokéBall, full HP)",50 (normal),170,Medium Fast
0443,1 Attack ,"45 (5.9% with PokéBall, full HP)",50 (normal),60,Slow
0444,2 Attack ,"45 (5.9% with PokéBall, full HP)",50 (normal),144,Slow
0445,3 Attack ,"45 (5.9% with PokéBall, full HP)",50 (normal),300,Slow
0445,3 Attack ,"45 (5.9% with PokéBall, full HP)",50 (normal),300,Slow
0446,1 HP ,"50 (6.5% with PokéBall, full HP)",50 (normal),78,Slow
0447,1 Attack ,"75 (9.8% with PokéBall, full HP)",50 (normal),57,Medium Slow
0448,"1 Attack, 1 Sp. Atk ","45 (5.9% with PokéBall, full HP)",50 (normal),184,Medium Slow
0448,"1 Attack, 1 Sp. Atk ","45 (5.9% with PokéBall, full HP)",50 (normal),184,Medium Slow
0449,1 Defense ,"140 (18.3% with PokéBall, full HP)",50 (normal),66,Slow
0450,2 Defense ,"60 (7.8% with PokéBall, full HP)",50 (normal),184,Slow
0451,1 Defense ,"120 (15.7% with PokéBall, full HP)",50 (normal),66,Slow
0452,2 Defense ,"45 (5.9% with PokéBall, full HP)",50 (normal),175,Slow
0453,1 Attack ,"140 (18.3% with PokéBall, full HP)",100 (higher than normal),60,Medium Fast
0454,2 Attack ,"75 (9.8% with PokéBall, full HP)",50 (normal),172,Medium Fast
0455,2 Attack ,"200 (26.1% with PokéBall, full HP)",50 (normal),159,Slow
0456,1 Speed ,"190 (24.8% with PokéBall, full HP)",50 (normal),66,Erratic
0457,2 Speed ,"75 (9.8% with PokéBall, full HP)",50 (normal),161,Erratic
0458,1 Sp. Def ,"25 (3.3% with PokéBall, full HP)",50 (normal),69,Slow
0459,1 Attack ,"120 (15.7% with PokéBall, full HP)",50 (normal),67,Slow
0460,"1 Attack, 1 Sp. Atk ","60 (7.8% with PokéBall, full HP)",50 (normal),173,Slow
0460,"1 Attack, 1 Sp. Atk ","60 (7.8% with PokéBall, full HP)",50 (normal),173,Slow
0461,"1 Attack, 1 Speed ","45 (5.9% with PokéBall, full HP)",35 (lower than normal),179,Medium Slow
0462,3 Sp. Atk ,"30 (3.9% with PokéBall, full HP)",50 (normal),268,Medium Fast
0463,3 HP ,"30 (3.9% with PokéBall, full HP)",50 (normal),180,Medium Fast
0464,3 Attack ,"30 (3.9% with PokéBall, full HP)",50 (normal),241,Slow
0465,2 Defense ,"30 (3.9% with PokéBall, full HP)",50 (normal),187,Medium Fast
0466,3 Attack ,"30 (3.9% with PokéBall, full HP)",50 (normal),243,Medium Fast
0467,3 Sp. Atk ,"30 (3.9% with PokéBall, full HP)",50 (normal),243,Medium Fast
0468,"2 Sp. Atk, 1 Sp. Def ","30 (3.9% with PokéBall, full HP)",50 (normal),245,Fast
0469,2 Attack ,"30 (3.9% with PokéBall, full HP)",50 (normal),180,Medium Fast
0470,2 Defense ,"45 (5.9% with PokéBall, full HP)",35 (lower than normal),184,Medium Fast
0471,2 Sp. Atk ,"45 (5.9% with PokéBall, full HP)",35 (lower than normal),184,Medium Fast
0472,2 Defense ,"30 (3.9% with PokéBall, full HP)",50 (normal),179,Medium Slow
0473,3 Attack ,"50 (6.5% with PokéBall, full HP)",50 (normal),239,Slow
0474,3 Sp. Atk ,"30 (3.9% with PokéBall, full HP)",50 (normal),241,Medium Fast
0475,3 Attack ,"45 (5.9% with PokéBall, full HP)",35 (lower than normal),259,Slow
0475,3 Attack ,"45 (5.9% with PokéBall, full HP)",35 (lower than normal),259,Slow
0476,"1 Defense, 2 Sp. Def ","60 (7.8% with PokéBall, full HP)",50 (normal),184,Medium Fast
0477,"1 Defense, 2 Sp. Def ","45 (5.9% with PokéBall, full HP)",35 (lower than normal),236,Fast
0478,2 Speed ,"75 (9.8% with PokéBall, full HP)",50 (normal),168,Medium Fast
0479,"1 Sp. Atk, 1 Speed ","45 (5.9% with PokéBall, full HP)",50 (normal),154,Medium Fast
0479,"1 Sp. Atk, 1 Speed ","45 (5.9% with PokéBall, full HP)",50 (normal),154,Medium Fast
0479,"1 Sp. Atk, 1 Speed ","45 (5.9% with PokéBall, full HP)",50 (normal),154,Medium Fast
0479,"1 Sp. Atk, 1 Speed ","45 (5.9% with PokéBall, full HP)",50 (normal),154,Medium Fast
0479,"1 Sp. Atk, 1 Speed ","45 (5.9% with PokéBall, full HP)",50 (normal),154,Medium Fast
0479,"1 Sp. Atk, 1 Speed ","45 (5.9% with PokéBall, full HP)",50 (normal),154,Medium Fast
0480,"2 Defense, 1 Sp. Def ","3 (0.4% with PokéBall, full HP)",140 (higher than normal),290,Slow
0481,"1 Attack, 1 Sp. Atk, 1 Sp. Def ","3 (0.4% with PokéBall, full HP)",140 (higher than normal),290,Slow
0482,"2 Attack, 1 Sp. Atk ","3 (0.4% with PokéBall, full HP)",140 (higher than normal),290,Slow
0483,3 Sp. Atk ,"3 (0.4% with PokéBall, full HP)",0 (lower than normal),340,Slow
0483,3 Sp. Atk ,"3 (0.4% with PokéBall, full HP)",0 (lower than normal),340,Slow
0484,3 Sp. Atk ,"3 (0.4% with PokéBall, full HP)",0 (lower than normal),340,Slow
0484,3 Sp. Atk ,"3 (0.4% with PokéBall, full HP)",0 (lower than normal),340,Slow
0485,3 Sp. Atk ,"3 (0.4% with PokéBall, full HP)",100 (higher than normal),300,Slow
0486,3 Attack ,"3 (0.4% with PokéBall, full HP)",0 (lower than normal),302,Slow
0487,3 HP ,"3 (0.4% with PokéBall, full HP)",0 (lower than normal),340,Slow
0487,3 HP ,"3 (0.4% with PokéBall, full HP)",0 (lower than normal),340,Slow
0488,3 Sp. Def ,"3 (0.4% with PokéBall, full HP)",100 (higher than normal),290,Slow
0489,1 HP ,"30 (3.9% with PokéBall, full HP)",50 (normal),216,Slow
0490,3 HP ,"3 (0.4% with PokéBall, full HP)",50 (normal),270,Slow
0491,"2 Sp. Atk, 1 Speed ","3 (0.4% with PokéBall, full HP)",0 (lower than normal),270,Slow
0492,3 HP ,"45 (5.9% with PokéBall, full HP)",100 (higher than normal),270,Medium Slow
0492,3 HP ,"45 (5.9% with PokéBall, full HP)",100 (higher than normal),270,Medium Slow
0493,3 HP ,"3 (0.4% with PokéBall, full HP)",0 (lower than normal),360,Slow
0494,3 HP ,"3 (0.4% with PokéBall, full HP)",100 (higher than normal),270,Slow
0495,1 Speed ,"45 (5.9% with PokéBall, full HP)",50 (normal),62,Medium Slow
0496,2 Speed ,"45 (5.9% with PokéBall, full HP)",50 (normal),145,Medium Slow
0497,3 Speed ,"45 (5.9% with PokéBall, full HP)",50 (normal),238,Medium Slow
0498,1 HP ,"45 (5.9% with PokéBall, full HP)",50 (normal),62,Medium Slow
0499,2 Attack ,"45 (5.9% with PokéBall, full HP)",50 (normal),146,Medium Slow
0500,3 Attack ,"45 (5.9% with PokéBall, full HP)",50 (normal),238,Medium Slow
0501,1 Sp. Atk ,"45 (5.9% with PokéBall, full HP)",50 (normal),62,Medium Slow
0502,2 Sp. Atk ,"45 (5.9% with PokéBall, full HP)",50 (normal),145,Medium Slow
0503,3 Sp. Atk ,"45 (5.9% with PokéBall, full HP)",50 (normal),264,Medium Slow
0503,3 Sp. Atk ,"45 (5.9% with PokéBall, full HP)",50 (normal),264,Medium Slow
0504,1 Attack ,"255 (33.3% with PokéBall, full HP)",50 (normal),51,Medium Fast
0505,2 Attack ,"255 (33.3% with PokéBall, full HP)",50 (normal),147,Medium Fast
0506,1 Attack ,"255 (33.3% with PokéBall, full HP)",50 (normal),55,Medium Slow
0507,2 Attack ,"120 (15.7% with PokéBall, full HP)",50 (normal),130,Medium Slow
0508,3 Attack ,"45 (5.9% with PokéBall, full HP)",50 (normal),225,Medium Slow
0509,1 Speed ,"255 (33.3% with PokéBall, full HP)",50 (normal),56,Medium Fast
0510,2 Speed ,"90 (11.8% with PokéBall, full HP)",50 (normal),156,Medium Fast
0511,1 Speed ,"190 (24.8% with PokéBall, full HP)",50 (normal),63,Medium Fast
0512,2 Speed ,"75 (9.8% with PokéBall, full HP)",50 (normal),174,Medium Fast
0513,1 Speed ,"190 (24.8% with PokéBall, full HP)",50 (normal),63,Medium Fast
0514,2 Speed ,"75 (9.8% with PokéBall, full HP)",50 (normal),174,Medium Fast
0515,1 Speed ,"190 (24.8% with PokéBall, full HP)",50 (normal),63,Medium Fast
0516,2 Speed ,"75 (9.8% with PokéBall, full HP)",50 (normal),174,Medium Fast
0517,1 HP ,"190 (24.8% with PokéBall, full HP)",50 (normal),58,Fast
0518,2 HP ,"75 (9.8% with PokéBall, full HP)",50 (normal),170,Fast
0519,1 Attack ,"255 (33.3% with PokéBall, full HP)",50 (normal),53,Medium Slow
0520,2 Attack ,"120 (15.7% with PokéBall, full HP)",50 (normal),125,Medium Slow
0521,3 Attack ,"45 (5.9% with PokéBall, full HP)",50 (normal),220,Medium Slow
0522,1 Speed ,"190 (24.8% with PokéBall, full HP)",50 (normal),59,Medium Fast
0523,2 Speed ,"75 (9.8% with PokéBall, full HP)",50 (normal),174,Medium Fast
0524,1 Defense ,"255 (33.3% with PokéBall, full HP)",50 (normal),56,Medium Slow
0525,"1 Attack, 1 Defense ","120 (15.7% with PokéBall, full HP)",50 (normal),137,Medium Slow
0526,3 Attack ,"45 (5.9% with PokéBall, full HP)",50 (normal),232,Medium Slow
0527,1 Speed ,"190 (24.8% with PokéBall, full HP)",50 (normal),65,Medium Fast
0528,2 Speed ,"45 (5.9% with PokéBall, full HP)",50 (normal),149,Medium Fast
0529,1 Attack ,"120 (15.7% with PokéBall, full HP)",50 (normal),66,Medium Fast
0530,2 Attack ,"60 (7.8% with PokéBall, full HP)",50 (normal),178,Medium Fast
0531,2 HP ,"255 (33.3% with PokéBall, full HP)",50 (normal),390,Fast
0531,2 HP ,"255 (33.3% with PokéBall, full HP)",50 (normal),390,Fast
0532,1 Attack ,"180 (23.5% with PokéBall, full HP)",70 (higher than normal),61,Medium Slow
0533,2 Attack ,"90 (11.8% with PokéBall, full HP)",50 (normal),142,Medium Slow
0534,3 Attack ,"45 (5.9% with PokéBall, full HP)",50 (normal),227,Medium Slow
0535,1 Speed ,"255 (33.3% with PokéBall, full HP)",50 (normal),59,Medium Slow
0536,2 HP ,"120 (15.7% with PokéBall, full HP)",50 (normal),134,Medium Slow
0537,3 HP ,"45 (5.9% with PokéBall, full HP)",50 (normal),229,Medium Slow
0538,2 HP ,"45 (5.9% with PokéBall, full HP)",50 (normal),163,Medium Fast
0539,2 Attack ,"45 (5.9% with PokéBall, full HP)",50 (normal),163,Medium Fast
0540,1 Defense ,"255 (33.3% with PokéBall, full HP)",50 (normal),62,Medium Slow
0541,2 Defense ,"120 (15.7% with PokéBall, full HP)",50 (normal),133,Medium Slow
0542,3 Attack ,"45 (5.9% with PokéBall, full HP)",50 (normal),225,Medium Slow
0543,1 Defense ,"255 (33.3% with PokéBall, full HP)",50 (normal),52,Medium Slow
0544,2 Defense ,"120 (15.7% with PokéBall, full HP)",50 (normal),126,Medium Slow
0545,3 Speed ,"45 (5.9% with PokéBall, full HP)",50 (normal),218,Medium Slow
0546,1 Speed ,"190 (24.8% with PokéBall, full HP)",50 (normal),56,Medium Fast
0547,2 Speed ,"75 (9.8% with PokéBall, full HP)",50 (normal),168,Medium Fast
0548,1 Sp. Atk ,"190 (24.8% with PokéBall, full HP)",50 (normal),56,Medium Fast
0549,2 Sp. Atk ,"75 (9.8% with PokéBall, full HP)",50 (normal),168,Medium Fast
0549,2 Sp. Atk ,"75 (9.8% with PokéBall, full HP)",50 (normal),168,Medium Fast
0550,2 Speed ,"25 (3.3% with PokéBall, full HP)",50 (normal),161,Medium Fast
0550,2 Speed ,"25 (3.3% with PokéBall, full HP)",50 (normal),161,Medium Fast
0550,2 Speed ,"25 (3.3% with PokéBall, full HP)",50 (normal),161,Medium Fast
0551,1 Attack ,"180 (23.5% with PokéBall, full HP)",50 (normal),58,Medium Slow
0552,2 Attack ,"90 (11.8% with PokéBall, full HP)",50 (normal),123,Medium Slow
0553,3 Attack ,"45 (5.9% with PokéBall, full HP)",50 (normal),260,Medium Slow
0554,1 Attack ,"120 (15.7% with PokéBall, full HP)",50 (normal),63,Medium Slow
0554,1 Attack ,"120 (15.7% with PokéBall, full HP)",50 (normal),63,Medium Slow
0555,2 Attack ,"60 (7.8% with PokéBall, full HP)",50 (normal),168,Medium Slow
0555,2 Attack ,"60 (7.8% with PokéBall, full HP)",50 (normal),168,Medium Slow
0555,2 Attack ,"60 (7.8% with PokéBall, full HP)",50 (normal),168,Medium Slow
0555,2 Attack ,"60 (7.8% with PokéBall, full HP)",50 (normal),168,Medium Slow
0556,2 Sp. Atk ,"255 (33.3% with PokéBall, full HP)",50 (normal),161,Medium Fast
0557,1 Defense ,"190 (24.8% with PokéBall, full HP)",50 (normal),65,Medium Fast
0558,2 Defense ,"75 (9.8% with PokéBall, full HP)",50 (normal),170,Medium Fast
0559,1 Attack ,"180 (23.5% with PokéBall, full HP)",35 (lower than normal),70,Medium Fast
0560,"1 Defense, 1 Sp. Def ","90 (11.8% with PokéBall, full HP)",50 (normal),171,Medium Fast
0561,2 Sp. Atk ,"45 (5.9% with PokéBall, full HP)",50 (normal),172,Medium Fast
0562,1 Defense ,"190 (24.8% with PokéBall, full HP)",50 (normal),61,Medium Fast
0562,1 Defense ,"190 (24.8% with PokéBall, full HP)",50 (normal),61,Medium Fast
0563,2 Defense ,"90 (11.8% with PokéBall, full HP)",50 (normal),169,Medium Fast
0564,1 Defense ,"45 (5.9% with PokéBall, full HP)",50 (normal),71,Medium Fast
0565,2 Defense ,"45 (5.9% with PokéBall, full HP)",50 (normal),173,Medium Fast
0566,1 Attack ,"45 (5.9% with PokéBall, full HP)",50 (normal),71,Medium Fast
0567,2 Attack ,"45 (5.9% with PokéBall, full HP)",50 (normal),177,Medium Fast
0568,1 Speed ,"190 (24.8% with PokéBall, full HP)",50 (normal),66,Medium Fast
0569,2 Attack ,"60 (7.8% with PokéBall, full HP)",50 (normal),166,Medium Fast
0570,1 Sp. Atk ,"75 (9.8% with PokéBall, full HP)",50 (normal),66,Medium Slow
0570,1 Sp. Atk ,"75 (9.8% with PokéBall, full HP)",50 (normal),66,Medium Slow
0571,2 Sp. Atk ,"45 (5.9% with PokéBall, full HP)",50 (normal),179,Medium Slow
0571,2 Sp. Atk ,"45 (5.9% with PokéBall, full HP)",50 (normal),179,Medium Slow
0572,1 Speed ,"255 (33.3% with PokéBall, full HP)",50 (normal),60,Fast
0573,2 Speed ,"60 (7.8% with PokéBall, full HP)",50 (normal),165,Fast
0574,1 Sp. Def ,"200 (26.1% with PokéBall, full HP)",50 (normal),58,Medium Slow
0575,2 Sp. Def ,"100 (13.1% with PokéBall, full HP)",50 (normal),137,Medium Slow
0576,3 Sp. Def ,"50 (6.5% with PokéBall, full HP)",50 (normal),245,Medium Slow
0577,1 Sp. Atk ,"200 (26.1% with PokéBall, full HP)",50 (normal),58,Medium Slow
0578,2 Sp. Atk ,"100 (13.1% with PokéBall, full HP)",50 (normal),130,Medium Slow
0579,3 Sp. Atk ,"50 (6.5% with PokéBall, full HP)",50 (normal),221,Medium Slow
0580,1 HP ,"190 (24.8% with PokéBall, full HP)",50 (normal),61,Medium Fast
0581,2 Speed ,"45 (5.9% with PokéBall, full HP)",50 (normal),166,Medium Fast
0582,1 Sp. Atk ,"255 (33.3% with PokéBall, full HP)",50 (normal),61,Slow
0583,2 Sp. Atk ,"120 (15.7% with PokéBall, full HP)",50 (normal),138,Slow
0584,3 Sp. Atk ,"45 (5.9% with PokéBall, full HP)",50 (normal),241,Slow
0585,1 Speed ,"190 (24.8% with PokéBall, full HP)",50 (normal),67,Medium Fast
0586,2 Attack ,"75 (9.8% with PokéBall, full HP)",50 (normal),166,Medium Fast
0587,2 Speed ,"200 (26.1% with PokéBall, full HP)",50 (normal),150,Medium Fast
0588,1 Attack ,"200 (26.1% with PokéBall, full HP)",50 (normal),63,Medium Fast
0589,2 Attack ,"75 (9.8% with PokéBall, full HP)",50 (normal),173,Medium Fast
0590,1 HP ,"190 (24.8% with PokéBall, full HP)",50 (normal),59,Medium Fast
0591,2 HP ,"75 (9.8% with PokéBall, full HP)",50 (normal),162,Medium Fast
0592,1 Sp. Def ,"190 (24.8% with PokéBall, full HP)",50 (normal),67,Medium Fast
0593,2 Sp. Def ,"60 (7.8% with PokéBall, full HP)",50 (normal),168,Medium Fast
0594,2 HP ,"75 (9.8% with PokéBall, full HP)",50 (normal),165,Fast
0595,1 Speed ,"190 (24.8% with PokéBall, full HP)",50 (normal),64,Medium Fast
0596,2 Speed ,"75 (9.8% with PokéBall, full HP)",50 (normal),165,Medium Fast
0597,1 Defense ,"255 (33.3% with PokéBall, full HP)",50 (normal),61,Medium Fast
0598,2 Defense ,"90 (11.8% with PokéBall, full HP)",50 (normal),171,Medium Fast
0599,1 Defense ,"130 (17.0% with PokéBall, full HP)",50 (normal),60,Medium Slow
0600,2 Defense ,"60 (7.8% with PokéBall, full HP)",50 (normal),154,Medium Slow
0601,3 Defense ,"30 (3.9% with PokéBall, full HP)",50 (normal),234,Medium Slow
0602,1 Speed ,"190 (24.8% with PokéBall, full HP)",50 (normal),55,Slow
0603,2 Attack ,"60 (7.8% with PokéBall, full HP)",50 (normal),142,Slow
0604,3 Attack ,"30 (3.9% with PokéBall, full HP)",50 (normal),258,Slow
0605,1 Sp. Atk ,"255 (33.3% with PokéBall, full HP)",50 (normal),67,Medium Fast
0606,2 Sp. Atk ,"90 (11.8% with PokéBall, full HP)",50 (normal),170,Medium Fast
0607,1 Sp. Atk ,"190 (24.8% with PokéBall, full HP)",50 (normal),55,Medium Slow
0608,2 Sp. Atk ,"90 (11.8% with PokéBall, full HP)",50 (normal),130,Medium Slow
0609,3 Sp. Atk ,"45 (5.9% with PokéBall, full HP)",50 (normal),234,Medium Slow
0610,1 Attack ,"75 (9.8% with PokéBall, full HP)",35 (lower than normal),64,Slow
0611,2 Attack ,"60 (7.8% with PokéBall, full HP)",35 (lower than normal),144,Slow
0612,3 Attack ,"45 (5.9% with PokéBall, full HP)",35 (lower than normal),270,Slow
0613,1 Attack ,"120 (15.7% with PokéBall, full HP)",50 (normal),61,Medium Fast
0614,2 Attack ,"60 (7.8% with PokéBall, full HP)",50 (normal),177,Medium Fast
0615,2 Sp. Def ,"25 (3.3% with PokéBall, full HP)",50 (normal),180,Medium Fast
0616,1 Defense ,"200 (26.1% with PokéBall, full HP)",50 (normal),61,Medium Fast
0617,2 Speed ,"75 (9.8% with PokéBall, full HP)",50 (normal),173,Medium Fast
0618,2 HP ,"75 (9.8% with PokéBall, full HP)",70 (higher than normal),165,Medium Fast
0618,2 HP ,"75 (9.8% with PokéBall, full HP)",70 (higher than normal),165,Medium Fast
0619,1 Attack ,"180 (23.5% with PokéBall, full HP)",50 (normal),70,Medium Slow
0620,2 Attack ,"45 (5.9% with PokéBall, full HP)",50 (normal),179,Medium Slow
0621,2 Attack ,"45 (5.9% with PokéBall, full HP)",50 (normal),170,Medium Fast
0622,1 Attack ,"190 (24.8% with PokéBall, full HP)",50 (normal),61,Medium Fast
0623,2 Attack ,"90 (11.8% with PokéBall, full HP)",50 (normal),169,Medium Fast
0624,1 Attack ,"120 (15.7% with PokéBall, full HP)",35 (lower than normal),68,Medium Fast
0625,2 Attack ,"45 (5.9% with PokéBall, full HP)",35 (lower than normal),172,Medium Fast
0626,2 Attack ,"45 (5.9% with PokéBall, full HP)",50 (normal),172,Medium Fast
0627,1 Attack ,"190 (24.8% with PokéBall, full HP)",50 (normal),70,Slow
0628,2 Attack ,"60 (7.8% with PokéBall, full HP)",50 (normal),179,Slow
0628,2 Attack ,"60 (7.8% with PokéBall, full HP)",50 (normal),179,Slow
0629,1 Defense ,"190 (24.8% with PokéBall, full HP)",35 (lower than normal),74,Slow
0630,2 Sp. Atk ,"60 (7.8% with PokéBall, full HP)",35 (lower than normal),179,Slow
0631,2 Sp. Atk ,"90 (11.8% with PokéBall, full HP)",50 (normal),169,Medium Fast
0632,2 Defense ,"90 (11.8% with PokéBall, full HP)",50 (normal),169,Medium Fast
0633,1 Attack ,"45 (5.9% with PokéBall, full HP)",35 (lower than normal),60,Slow
0634,2 Attack ,"45 (5.9% with PokéBall, full HP)",35 (lower than normal),147,Slow
0635,3 Sp. Atk ,"45 (5.9% with PokéBall, full HP)",35 (lower than normal),300,Slow
0636,1 Attack ,"45 (5.9% with PokéBall, full HP)",50 (normal),72,Slow
0637,3 Sp. Atk ,"15 (2.0% with PokéBall, full HP)",50 (normal),275,Slow
0638,3 Defense ,"3 (0.4% with PokéBall, full HP)",35 (lower than normal),261,Slow
0639,3 Attack ,"3 (0.4% with PokéBall, full HP)",35 (lower than normal),261,Slow
0640,3 Sp. Def ,"3 (0.4% with PokéBall, full HP)",35 (lower than normal),261,Slow
0641,3 Attack ,"3 (0.4% with PokéBall, full HP)",90 (higher than normal),290,Slow
0641,3 Attack ,"3 (0.4% with PokéBall, full HP)",90 (higher than normal),290,Slow
0642,3 Attack ,"3 (0.4% with PokéBall, full HP)",90 (higher than normal),290,Slow
0642,3 Attack ,"3 (0.4% with PokéBall, full HP)",90 (higher than normal),290,Slow
0643,3 Sp. Atk ,"3 (0.4% with PokéBall, full HP)",0 (lower than normal),306,Slow
0644,3 Attack ,"3 (0.4% with PokéBall, full HP)",0 (lower than normal),306,Slow
0645,3 Sp. Atk ,"3 (0.4% with PokéBall, full HP)",90 (higher than normal),300,Slow
0645,3 Sp. Atk ,"3 (0.4% with PokéBall, full HP)",90 (higher than normal),300,Slow
0646,"1 HP, 1 Attack, 1 Sp. Atk ","3 (0.4% with PokéBall, full HP)",0 (lower than normal),297,Slow
0646,"1 HP, 1 Attack, 1 Sp. Atk ","3 (0.4% with PokéBall, full HP)",0 (lower than normal),297,Slow
0646,"1 HP, 1 Attack, 1 Sp. Atk ","3 (0.4% with PokéBall, full HP)",0 (lower than normal),297,Slow
0647,3 Sp. Atk ,"3 (0.4% with PokéBall, full HP)",35 (lower than normal),261,Slow
0647,3 Sp. Atk ,"3 (0.4% with PokéBall, full HP)",35 (lower than normal),261,Slow
0648,"1 Sp. Atk, 1 Sp. Def, 1 Speed ","3 (0.4% with PokéBall, full HP)",100 (higher than normal),300,Slow
0648,"1 Sp. Atk, 1 Sp. Def, 1 Speed ","3 (0.4% with PokéBall, full HP)",100 (higher than normal),300,Slow
0649,"1 Attack, 1 Sp. Atk, 1 Speed ","3 (0.4% with PokéBall, full HP)",0 (lower than normal),270,Slow
0650,1 Defense ,"45 (5.9% with PokéBall, full HP)",50 (normal),63,Medium Slow
0651,2 Defense ,"45 (5.9% with PokéBall, full HP)",50 (normal),142,Medium Slow
0652,3 Defense ,"45 (5.9% with PokéBall, full HP)",50 (normal),265,Medium Slow
0653,1 Sp. Atk ,"45 (5.9% with PokéBall, full HP)",50 (normal),61,Medium Slow
0654,2 Sp. Atk ,"45 (5.9% with PokéBall, full HP)",50 (normal),143,Medium Slow
0655,3 Sp. Atk ,"45 (5.9% with PokéBall, full HP)",50 (normal),267,Medium Slow
0656,1 Speed ,"45 (5.9% with PokéBall, full HP)",50 (normal),63,Medium Slow
0657,2 Speed ,"45 (5.9% with PokéBall, full HP)",50 (normal),142,Medium Slow
0658,3 Speed ,"45 (5.9% with PokéBall, full HP)",50 (normal),265,Medium Slow
0658,3 Speed ,"45 (5.9% with PokéBall, full HP)",50 (normal),265,Medium Slow
0659,1 Speed ,"255 (33.3% with PokéBall, full HP)",50 (normal),47,Medium Fast
0660,2 HP ,"127 (16.6% with PokéBall, full HP)",50 (normal),148,Medium Fast
0661,1 Speed ,"255 (33.3% with PokéBall, full HP)",50 (normal),56,Medium Slow
0662,2 Speed ,"120 (15.7% with PokéBall, full HP)",50 (normal),134,Medium Slow
0663,3 Speed ,"45 (5.9% with PokéBall, full HP)",50 (normal),175,Medium Slow
0664,1 Defense ,"255 (33.3% with PokéBall, full HP)",50 (normal),40,Medium Fast
0665,2 Defense ,"120 (15.7% with PokéBall, full HP)",50 (normal),75,Medium Fast
0666,"1 HP, 1 Sp. Atk, 1 Speed ","45 (5.9% with PokéBall, full HP)",50 (normal),206,Medium Fast
0667,1 Sp. Atk ,"220 (28.8% with PokéBall, full HP)",50 (normal),74,Medium Slow
0668,2 Sp. Atk ,"65 (8.5% with PokéBall, full HP)",50 (normal),177,Medium Slow
0669,1 Sp. Def ,"225 (29.4% with PokéBall, full HP)",50 (normal),61,Medium Fast
0670,2 Sp. Def ,"120 (15.7% with PokéBall, full HP)",50 (normal),130,Medium Fast
0671,3 Sp. Def ,"45 (5.9% with PokéBall, full HP)",50 (normal),276,Medium Fast
0672,1 HP ,"200 (26.1% with PokéBall, full HP)",50 (normal),70,Medium Fast
0673,2 HP ,"45 (5.9% with PokéBall, full HP)",50 (normal),186,Medium Fast
0674,1 Attack ,"220 (28.8% with PokéBall, full HP)",50 (normal),70,Medium Fast
0675,2 Attack ,"65 (8.5% with PokéBall, full HP)",50 (normal),173,Medium Fast
0676,1 Speed ,"160 (20.9% with PokéBall, full HP)",50 (normal),165,Medium Fast
0677,1 Speed ,"190 (24.8% with PokéBall, full HP)",50 (normal),71,Medium Fast
0678,2 Speed ,"75 (9.8% with PokéBall, full HP)",50 (normal),163,Medium Fast
0678,2 Speed ,"75 (9.8% with PokéBall, full HP)",50 (normal),163,Medium Fast
0679,1 Defense ,"180 (23.5% with PokéBall, full HP)",50 (normal),65,Medium Fast
0680,2 Defense ,"90 (11.8% with PokéBall, full HP)",50 (normal),157,Medium Fast
0681,"2 Defense, 1 Sp. Def ","45 (5.9% with PokéBall, full HP)",50 (normal),234,Medium Fast
0681,"2 Defense, 1 Sp. Def ","45 (5.9% with PokéBall, full HP)",50 (normal),234,Medium Fast
0682,1 HP ,"200 (26.1% with PokéBall, full HP)",50 (normal),68,Medium Fast
0683,2 HP ,"140 (18.3% with PokéBall, full HP)",50 (normal),162,Medium Fast
0684,1 Defense ,"200 (26.1% with PokéBall, full HP)",50 (normal),68,Medium Fast
0685,2 Defense ,"140 (18.3% with PokéBall, full HP)",50 (normal),168,Medium Fast
0686,1 Attack ,"190 (24.8% with PokéBall, full HP)",50 (normal),58,Medium Fast
0687,2 Attack ,"80 (10.5% with PokéBall, full HP)",50 (normal),169,Medium Fast
0688,1 Attack ,"120 (15.7% with PokéBall, full HP)",50 (normal),61,Medium Fast
0689,2 Attack ,"45 (5.9% with PokéBall, full HP)",50 (normal),175,Medium Fast
0690,1 Sp. Def ,"225 (29.4% with PokéBall, full HP)",50 (normal),64,Medium Fast
0691,2 Sp. Def ,"55 (7.2% with PokéBall, full HP)",50 (normal),173,Medium Fast
0692,1 Sp. Atk ,"225 (29.4% with PokéBall, full HP)",50 (normal),66,Slow
0693,2 Sp. Atk ,"55 (7.2% with PokéBall, full HP)",50 (normal),100,Slow
0694,1 Speed ,"190 (24.8% with PokéBall, full HP)",50 (normal),58,Medium Fast
0695,"1 Sp. Atk, 1 Speed ","75 (9.8% with PokéBall, full HP)",50 (normal),168,Medium Fast
0696,1 Attack ,"45 (5.9% with PokéBall, full HP)",50 (normal),72,Medium Fast
0697,2 Attack ,"45 (5.9% with PokéBall, full HP)",50 (normal),182,Medium Fast
0698,1 HP ,"45 (5.9% with PokéBall, full HP)",50 (normal),72,Medium Fast
0699,2 HP ,"45 (5.9% with PokéBall, full HP)",50 (normal),104,Medium Fast
0700,2 Sp. Def ,"45 (5.9% with PokéBall, full HP)",50 (normal),184,Medium Fast
0701,2 Attack ,"100 (13.1% with PokéBall, full HP)",50 (normal),175,Medium Fast
0702,2 Speed ,"180 (23.5% with PokéBall, full HP)",50 (normal),151,Medium Fast
0703,"1 Defense, 1 Sp. Def ","60 (7.8% with PokéBall, full HP)",50 (normal),100,Slow
0704,1 Sp. Def ,"45 (5.9% with PokéBall, full HP)",35 (lower than normal),60,Slow
0705,2 Sp. Def ,"45 (5.9% with PokéBall, full HP)",35 (lower than normal),158,Slow
0705,2 Sp. Def ,"45 (5.9% with PokéBall, full HP)",35 (lower than normal),158,Slow
0706,3 Sp. Def ,"45 (5.9% with PokéBall, full HP)",35 (lower than normal),300,Slow
0706,3 Sp. Def ,"45 (5.9% with PokéBall, full HP)",35 (lower than normal),300,Slow
0707,1 Defense ,"75 (9.8% with PokéBall, full HP)",50 (normal),165,Fast
0708,1 Attack ,"120 (15.7% with PokéBall, full HP)",50 (normal),62,Medium Fast
0709,2 Attack ,"60 (7.8% with PokéBall, full HP)",50 (normal),166,Medium Fast
0710,1 Defense ,"120 (15.7% with PokéBall, full HP)",50 (normal),67,Medium Fast
0710,1 Defense ,"120 (15.7% with PokéBall, full HP)",50 (normal),67,Medium Fast
0710,1 Defense ,"120 (15.7% with PokéBall, full HP)",50 (normal),67,Medium Fast
0710,1 Defense ,"120 (15.7% with PokéBall, full HP)",50 (normal),67,Medium Fast
0711,2 Defense ,"60 (7.8% with PokéBall, full HP)",50 (normal),173,Medium Fast
0711,2 Defense ,"60 (7.8% with PokéBall, full HP)",50 (normal),173,Medium Fast
0711,2 Defense ,"60 (7.8% with PokéBall, full HP)",50 (normal),173,Medium Fast
0711,2 Defense ,"60 (7.8% with PokéBall, full HP)",50 (normal),173,Medium Fast
0712,1 Defense ,"190 (24.8% with PokéBall, full HP)",50 (normal),61,Medium Fast
0713,2 Defense ,"55 (7.2% with PokéBall, full HP)",50 (normal),180,Medium Fast
0713,2 Defense ,"55 (7.2% with PokéBall, full HP)",50 (normal),180,Medium Fast
0714,1 Speed ,"190 (24.8% with PokéBall, full HP)",50 (normal),49,Medium Fast
0715,2 Speed ,"45 (5.9% with PokéBall, full HP)",50 (normal),187,Medium Fast
0716,3 HP ,"45 (5.9% with PokéBall, full HP)",0 (lower than normal),306,Slow
0717,3 HP ,"45 (5.9% with PokéBall, full HP)",0 (lower than normal),306,Slow
0718,3 HP ,"3 (0.4% with PokéBall, full HP)",0 (lower than normal),270,Slow
0718,3 HP ,"3 (0.4% with PokéBall, full HP)",0 (lower than normal),270,Slow
0718,3 HP ,"3 (0.4% with PokéBall, full HP)",0 (lower than normal),270,Slow
0719,"1 Defense, 2 Sp. Def ","3 (0.4% with PokéBall, full HP)",50 (normal),300,Slow
0719,"1 Defense, 2 Sp. Def ","3 (0.4% with PokéBall, full HP)",50 (normal),300,Slow
0720,3 Sp. Atk ,"3 (0.4% with PokéBall, full HP)",100 (higher than normal),300,Slow
0720,3 Sp. Atk ,"3 (0.4% with PokéBall, full HP)",100 (higher than normal),300,Slow
0721,3 Sp. Atk ,"3 (0.4% with PokéBall, full HP)",100 (higher than normal),300,Slow
0722,1 HP ,"45 (5.9% with PokéBall, full HP)",50 (normal),64,Medium Slow
0723,2 HP ,"45 (5.9% with PokéBall, full HP)",50 (normal),147,Medium Slow
0724,3 Attack ,"45 (5.9% with PokéBall, full HP)",50 (normal),265,Medium Slow
0724,3 Attack ,"45 (5.9% with PokéBall, full HP)",50 (normal),265,Medium Slow
0725,1 Speed ,"45 (5.9% with PokéBall, full HP)",50 (normal),64,Medium Slow
0726,2 Speed ,"45 (5.9% with PokéBall, full HP)",50 (normal),147,Medium Slow
0727,3 Attack ,"45 (5.9% with PokéBall, full HP)",50 (normal),239,Medium Slow
0728,1 Sp. Atk ,"45 (5.9% with PokéBall, full HP)",50 (normal),64,Medium Slow
0729,2 Sp. Atk ,"45 (5.9% with PokéBall, full HP)",50 (normal),147,Medium Slow
0730,3 Sp. Atk ,"45 (5.9% with PokéBall, full HP)",50 (normal),239,Medium Slow
0731,1 Attack ,"255 (33.3% with PokéBall, full HP)",50 (normal),53,Medium Fast
0732,2 Attack ,"120 (15.7% with PokéBall, full HP)",50 (normal),124,Medium Fast
0733,3 Attack ,"45 (5.9% with PokéBall, full HP)",50 (normal),218,Medium Fast
0734,1 Attack ,"255 (33.3% with PokéBall, full HP)",50 (normal),51,Medium Fast
0735,2 Attack ,"127 (16.6% with PokéBall, full HP)",50 (normal),146,Medium Fast
0736,1 Attack ,"255 (33.3% with PokéBall, full HP)",50 (normal),60,Medium Fast
0737,2 Defense ,"120 (15.7% with PokéBall, full HP)",50 (normal),140,Medium Fast
0738,3 Sp. Atk ,"45 (5.9% with PokéBall, full HP)",50 (normal),225,Medium Fast
0739,1 Attack ,"225 (29.4% with PokéBall, full HP)",50 (normal),68,Medium Fast
0740,2 Attack ,"60 (7.8% with PokéBall, full HP)",50 (normal),167,Medium Fast
0741,2 Sp. Atk ,"45 (5.9% with PokéBall, full HP)",50 (normal),167,Medium Fast
0741,2 Sp. Atk ,"45 (5.9% with PokéBall, full HP)",50 (normal),167,Medium Fast
0741,2 Sp. Atk ,"45 (5.9% with PokéBall, full HP)",50 (normal),167,Medium Fast
0741,2 Sp. Atk ,"45 (5.9% with PokéBall, full HP)",50 (normal),167,Medium Fast
0742,1 Speed ,"190 (24.8% with PokéBall, full HP)",50 (normal),61,Medium Fast
0743,2 Speed ,"75 (9.8% with PokéBall, full HP)",50 (normal),162,Medium Fast
0744,1 Attack ,"190 (24.8% with PokéBall, full HP)",50 (normal),56,Medium Fast
0744,1 Attack ,"190 (24.8% with PokéBall, full HP)",50 (normal),56,Medium Fast
0745,2 Attack ,"90 (11.8% with PokéBall, full HP)",50 (normal),170,Medium Fast
0745,2 Attack ,"90 (11.8% with PokéBall, full HP)",50 (normal),170,Medium Fast
0745,2 Attack ,"90 (11.8% with PokéBall, full HP)",50 (normal),170,Medium Fast
0746,1 HP ,"60 (7.8% with PokéBall, full HP)",50 (normal),61,Fast
0746,1 HP ,"60 (7.8% with PokéBall, full HP)",50 (normal),61,Fast
0747,1 Defense ,"190 (24.8% with PokéBall, full HP)",50 (normal),61,Medium Fast
0748,2 Defense ,"75 (9.8% with PokéBall, full HP)",50 (normal),173,Medium Fast
0749,1 Attack ,"190 (24.8% with PokéBall, full HP)",50 (normal),77,Medium Fast
0750,2 Attack ,"60 (7.8% with PokéBall, full HP)",50 (normal),175,Medium Fast
0751,1 Sp. Def ,"200 (26.1% with PokéBall, full HP)",50 (normal),54,Medium Fast
0752,2 Sp. Def ,"100 (13.1% with PokéBall, full HP)",50 (normal),159,Medium Fast
0753,1 Attack ,"190 (24.8% with PokéBall, full HP)",50 (normal),50,Medium Fast
0754,2 Attack ,"75 (9.8% with PokéBall, full HP)",50 (normal),168,Medium Fast
0755,1 Sp. Def ,"190 (24.8% with PokéBall, full HP)",50 (normal),57,Medium Fast
0756,2 Sp. Def ,"75 (9.8% with PokéBall, full HP)",50 (normal),142,Medium Fast
0757,1 Speed ,"120 (15.7% with PokéBall, full HP)",50 (normal),64,Medium Fast
0758,2 Speed ,"45 (5.9% with PokéBall, full HP)",50 (normal),168,Medium Fast
0759,1 Attack ,"140 (18.3% with PokéBall, full HP)",50 (normal),68,Medium Fast
0760,2 Attack ,"70 (9.1% with PokéBall, full HP)",50 (normal),175,Medium Fast
0761,1 HP ,"235 (30.7% with PokéBall, full HP)",50 (normal),42,Medium Slow
0762,2 Speed ,"120 (15.7% with PokéBall, full HP)",50 (normal),102,Medium Slow
0763,3 Attack ,"45 (5.9% with PokéBall, full HP)",50 (normal),255,Medium Slow
0764,2 Sp. Def ,"60 (7.8% with PokéBall, full HP)",50 (normal),170,Fast
0765,2 Sp. Def ,"45 (5.9% with PokéBall, full HP)",50 (normal),172,Slow
0766,2 Attack ,"45 (5.9% with PokéBall, full HP)",50 (normal),172,Slow
0767,1 Speed ,"90 (11.8% with PokéBall, full HP)",50 (normal),46,Medium Fast
0768,2 Defense ,"45 (5.9% with PokéBall, full HP)",50 (normal),186,Medium Fast
0769,1 Defense ,"140 (18.3% with PokéBall, full HP)",50 (normal),64,Medium Fast
0770,2 Defense ,"60 (7.8% with PokéBall, full HP)",50 (normal),168,Medium Fast
0771,2 Sp. Def ,"60 (7.8% with PokéBall, full HP)",50 (normal),144,Fast
0772,2 HP ,"3 (0.4% with PokéBall, full HP)",0 (lower than normal),107,Slow
0773,3 HP ,"3 (0.4% with PokéBall, full HP)",0 (lower than normal),257,Slow
0774,"1 Defense, 1 Sp. Def ","30 (3.9% with PokéBall, full HP)",50 (normal),154,Medium Slow
0774,"1 Defense, 1 Sp. Def ","30 (3.9% with PokéBall, full HP)",50 (normal),154,Medium Slow
0775,2 Attack ,"45 (5.9% with PokéBall, full HP)",50 (normal),168,Slow
0776,2 Defense ,"70 (9.1% with PokéBall, full HP)",50 (normal),170,Medium Fast
0777,2 Attack ,"180 (23.5% with PokéBall, full HP)",50 (normal),152,Medium Fast
0778,2 Sp. Def ,"45 (5.9% with PokéBall, full HP)",50 (normal),167,Medium Fast
0779,2 Attack ,"80 (10.5% with PokéBall, full HP)",50 (normal),166,Medium Fast
0780,2 Sp. Atk ,"70 (9.1% with PokéBall, full HP)",50 (normal),170,Medium Fast
0781,2 Attack ,"25 (3.3% with PokéBall, full HP)",50 (normal),181,Medium Fast
0782,1 Defense ,"45 (5.9% with PokéBall, full HP)",50 (normal),60,Slow
0783,2 Defense ,"45 (5.9% with PokéBall, full HP)",50 (normal),147,Slow
0784,3 Defense ,"45 (5.9% with PokéBall, full HP)",50 (normal),270,Slow
0785,3 Speed ,"3 (0.4% with PokéBall, full HP)",50 (normal),257,Slow
0786,3 Sp. Atk ,"3 (0.4% with PokéBall, full HP)",50 (normal),257,Slow
0787,3 Attack ,"3 (0.4% with PokéBall, full HP)",50 (normal),257,Slow
0788,3 Sp. Def ,"3 (0.4% with PokéBall, full HP)",50 (normal),257,Slow
0789,1 HP ,"45 (5.9% with PokéBall, full HP)",0 (lower than normal),40,Slow
0790,"1 Defense, 1 Sp. Def ","45 (5.9% with PokéBall, full HP)",0 (lower than normal),140,Slow
0791,3 Attack ,"45 (5.9% with PokéBall, full HP)",0 (lower than normal),306,Slow
0792,3 Sp. Atk ,"45 (5.9% with PokéBall, full HP)",0 (lower than normal),306,Slow
0793,3 Sp. Def ,"45 (5.9% with PokéBall, full HP)",0 (lower than normal),257,Slow
0794,"1 Attack, 2 Defense ","45 (5.9% with PokéBall, full HP)",0 (lower than normal),257,Slow
0795,3 Speed ,"45 (5.9% with PokéBall, full HP)",0 (lower than normal),257,Slow
0796,3 Sp. Atk ,"45 (5.9% with PokéBall, full HP)",0 (lower than normal),257,Slow
0797,"1 Attack, 1 Defense, 1 Sp. Atk ","45 (5.9% with PokéBall, full HP)",0 (lower than normal),257,Slow
0798,3 Attack ,"45 (5.9% with PokéBall, full HP)",0 (lower than normal),257,Slow
0799,3 HP ,"45 (5.9% with PokéBall, full HP)",0 (lower than normal),257,Slow
0800,"1 Attack, 2 Sp. Atk ","255 (33.3% with PokéBall, full HP)",0 (lower than normal),270,Slow
0800,"1 Attack, 2 Sp. Atk ","255 (33.3% with PokéBall, full HP)",0 (lower than normal),270,Slow
0800,"1 Attack, 2 Sp. Atk ","255 (33.3% with PokéBall, full HP)",0 (lower than normal),270,Slow
0800,"1 Attack, 2 Sp. Atk ","255 (33.3% with PokéBall, full HP)",0 (lower than normal),270,Slow
0801,3 Sp. Atk ,"3 (0.4% with PokéBall, full HP)",0 (lower than normal),300,Slow
0802,"2 Attack, 1 Speed ","3 (0.4% with PokéBall, full HP)",0 (lower than normal),270,Slow
0803,1 Speed ,"45 (5.9% with PokéBall, full HP)",0 (lower than normal),189,Slow
0804,3 Sp. Atk ,"45 (5.9% with PokéBall, full HP)",0 (lower than normal),243,Slow
0805,3 Defense ,"30 (3.9% with PokéBall, full HP)",0 (lower than normal),257,Slow
0806,3 Sp. Atk ,"30 (3.9% with PokéBall, full HP)",0 (lower than normal),257,Slow
0807,3 Speed ,"3 (0.4% with PokéBall, full HP)",0 (lower than normal),270,Slow
0808,1 Attack ,"3 (0.4% with PokéBall, full HP)",0 (lower than normal),150,Slow
0809,3 Attack ,"3 (0.4% with PokéBall, full HP)",0 (lower than normal),300,Slow
0810,1 Attack ,"45 (5.9% with PokéBall, full HP)",50 (normal),62,Medium Slow
0811,2 Attack ,"45 (5.9% with PokéBall, full HP)",50 (normal),147,Medium Slow
0812,3 Attack ,"45 (5.9% with PokéBall, full HP)",50 (normal),265,Medium Slow
0813,1 Speed ,"45 (5.9% with PokéBall, full HP)",50 (normal),62,Medium Slow
0814,2 Speed ,"45 (5.9% with PokéBall, full HP)",50 (normal),147,Medium Slow
0815,3 Speed ,"45 (5.9% with PokéBall, full HP)",50 (normal),265,Medium Slow
0816,"1 Sp. Def, 1 Speed ","45 (5.9% with PokéBall, full HP)",50 (normal),62,Medium Slow
0817,2 Sp. Atk ,"45 (5.9% with PokéBall, full HP)",50 (normal),147,Medium Slow
0818,3 Speed ,"45 (5.9% with PokéBall, full HP)",50 (normal),265,Medium Slow
0819,1 HP ,"255 (33.3% with PokéBall, full HP)",50 (normal),55,Medium Fast
0820,2 HP ,"90 (11.8% with PokéBall, full HP)",50 (normal),161,Medium Fast
0821,1 Speed ,"255 (33.3% with PokéBall, full HP)",50 (normal),49,Medium Slow
0822,2 Speed ,"120 (15.7% with PokéBall, full HP)",50 (normal),128,Medium Slow
0823,3 Defense ,"45 (5.9% with PokéBall, full HP)",50 (normal),248,Medium Slow
0824,1 Sp. Def ,"255 (33.3% with PokéBall, full HP)",50 (normal),36,Medium Fast
0825,2 Sp. Def ,"120 (15.7% with PokéBall, full HP)",50 (normal),117,Medium Fast
0826,3 Sp. Def ,"45 (5.9% with PokéBall, full HP)",50 (normal),253,Medium Fast
0827,1 Sp. Def ,"255 (33.3% with PokéBall, full HP)",50 (normal),49,Fast
0828,2 Sp. Def ,"127 (16.6% with PokéBall, full HP)",50 (normal),159,Fast
0829,1 Sp. Def ,"190 (24.8% with PokéBall, full HP)",50 (normal),50,Medium Fast
0830,2 Sp. Def ,"75 (9.8% with PokéBall, full HP)",50 (normal),161,Medium Fast
0831,1 Defense ,"255 (33.3% with PokéBall, full HP)",50 (normal),122,Medium Fast
0832,2 Defense ,"127 (16.6% with PokéBall, full HP)",50 (normal),172,Medium Fast
0833,1 Attack ,"255 (33.3% with PokéBall, full HP)",50 (normal),57,Medium Fast
0834,2 Attack ,"75 (9.8% with PokéBall, full HP)",50 (normal),170,Medium Fast
0835,1 HP ,"255 (33.3% with PokéBall, full HP)",50 (normal),54,Fast
0836,2 Speed ,"45 (5.9% with PokéBall, full HP)",50 (normal),172,Fast
0837,1 Defense ,"255 (33.3% with PokéBall, full HP)",50 (normal),48,Medium Slow
0838,2 Defense ,"120 (15.7% with PokéBall, full HP)",50 (normal),144,Medium Slow
0839,3 Defense ,"45 (5.9% with PokéBall, full HP)",50 (normal),255,Medium Slow
0840,1 Defense ,"255 (33.3% with PokéBall, full HP)",50 (normal),52,Erratic
0841,2 Attack ,"45 (5.9% with PokéBall, full HP)",50 (normal),170,Erratic
0842,2 HP ,"45 (5.9% with PokéBall, full HP)",50 (normal),170,Erratic
0843,1 Defense ,"255 (33.3% with PokéBall, full HP)",50 (normal),63,Medium Fast
0844,2 Defense ,"120 (15.7% with PokéBall, full HP)",50 (normal),179,Medium Fast
0845,2 Sp. Def ,"45 (5.9% with PokéBall, full HP)",50 (normal),166,Medium Fast
0846,1 Speed ,"255 (33.3% with PokéBall, full HP)",50 (normal),56,Slow
0847,2 Speed ,"60 (7.8% with PokéBall, full HP)",50 (normal),172,Slow
0848,1 Sp. Atk ,"75 (9.8% with PokéBall, full HP)",50 (normal),48,Medium Slow
0849,2 Sp. Atk ,"45 (5.9% with PokéBall, full HP)",50 (normal),176,Medium Slow
0849,2 Sp. Atk ,"45 (5.9% with PokéBall, full HP)",50 (normal),176,Medium Slow
0850,1 Attack ,"190 (24.8% with PokéBall, full HP)",50 (normal),61,Medium Fast
0851,2 Attack ,"75 (9.8% with PokéBall, full HP)",50 (normal),184,Medium Fast
0852,1 Attack ,"180 (23.5% with PokéBall, full HP)",50 (normal),62,Medium Slow
0853,2 Attack ,"45 (5.9% with PokéBall, full HP)",50 (normal),168,Medium Slow
0854,1 Sp. Atk ,"120 (15.7% with PokéBall, full HP)",50 (normal),62,Medium Fast
0855,2 Sp. Atk ,"60 (7.8% with PokéBall, full HP)",50 (normal),178,Medium Fast
0856,1 Sp. Atk ,"235 (30.7% with PokéBall, full HP)",50 (normal),53,Slow
0857,2 Sp. Atk ,"120 (15.7% with PokéBall, full HP)",50 (normal),130,Slow
0858,3 Sp. Atk ,"45 (5.9% with PokéBall, full HP)",50 (normal),255,Slow
0859,1 Sp. Atk ,"255 (33.3% with PokéBall, full HP)",50 (normal),53,Medium Fast
0860,2 Sp. Atk ,"120 (15.7% with PokéBall, full HP)",50 (normal),130,Medium Fast
0861,3 Attack ,"45 (5.9% with PokéBall, full HP)",50 (normal),255,Medium Fast
0862,3 Defense ,"45 (5.9% with PokéBall, full HP)",50 (normal),260,Medium Fast
0863,2 Attack ,"90 (11.8% with PokéBall, full HP)",50 (normal),154,Medium Fast
0864,2 Sp. Atk ,"30 (3.9% with PokéBall, full HP)",50 (normal),179,Fast
0865,2 Attack ,"45 (5.9% with PokéBall, full HP)",50 (normal),177,Medium Fast
0866,3 Sp. Atk ,"45 (5.9% with PokéBall, full HP)",50 (normal),182,Medium Fast
0867,2 Defense ,"90 (11.8% with PokéBall, full HP)",50 (normal),169,Medium Fast
0868,1 Sp. Def ,"200 (26.1% with PokéBall, full HP)",50 (normal),54,Medium Fast
0869,2 Sp. Def ,"100 (13.1% with PokéBall, full HP)",50 (normal),173,Medium Fast
0870,"2 Attack, 1 Sp. Def ","45 (5.9% with PokéBall, full HP)",50 (normal),165,Medium Fast
0871,2 Attack ,"75 (9.8% with PokéBall, full HP)",50 (normal),152,Medium Fast
0872,1 Sp. Atk ,"190 (24.8% with PokéBall, full HP)",50 (normal),37,Medium Fast
0873,2 Sp. Atk ,"75 (9.8% with PokéBall, full HP)",50 (normal),166,Medium Fast
0874,2 Defense ,"60 (7.8% with PokéBall, full HP)",50 (normal),165,Slow
0875,2 Defense ,"60 (7.8% with PokéBall, full HP)",50 (normal),165,Slow
0875,2 Defense ,"60 (7.8% with PokéBall, full HP)",50 (normal),165,Slow
0876,2 Sp. Atk ,"30 (3.9% with PokéBall, full HP)",140 (higher than normal),166,Fast
0876,2 Sp. Atk ,"30 (3.9% with PokéBall, full HP)",140 (higher than normal),166,Fast
0877,2 Speed ,"180 (23.5% with PokéBall, full HP)",50 (normal),153,Medium Fast
0877,2 Speed ,"180 (23.5% with PokéBall, full HP)",50 (normal),153,Medium Fast
0878,1 Attack ,"190 (24.8% with PokéBall, full HP)",50 (normal),66,Medium Fast
0879,2 Attack ,"90 (11.8% with PokéBall, full HP)",50 (normal),175,Medium Fast
0880,2 Attack ,"45 (5.9% with PokéBall, full HP)",50 (normal),177,Slow
0881,2 Attack ,"45 (5.9% with PokéBall, full HP)",50 (normal),177,Slow
0882,2 Defense ,"45 (5.9% with PokéBall, full HP)",50 (normal),177,Slow
0883,2 Defense ,"45 (5.9% with PokéBall, full HP)",50 (normal),177,Slow
0884,2 Sp. Atk ,"45 (5.9% with PokéBall, full HP)",50 (normal),187,Medium Fast
0885,1 Speed ,"45 (5.9% with PokéBall, full HP)",50 (normal),54,Slow
0886,2 Speed ,"45 (5.9% with PokéBall, full HP)",50 (normal),144,Slow
0887,3 Speed ,"45 (5.9% with PokéBall, full HP)",50 (normal),300,Slow
0888,3 Speed ,"10 (1.3% with PokéBall, full HP)",0 (lower than normal),330,Slow
0888,3 Speed ,"10 (1.3% with PokéBall, full HP)",0 (lower than normal),330,Slow
0889,3 Speed ,"10 (1.3% with PokéBall, full HP)",0 (lower than normal),330,Slow
0889,3 Speed ,"10 (1.3% with PokéBall, full HP)",0 (lower than normal),330,Slow
0890,3 HP ,"255 (33.3% with PokéBall, full HP)",0 (lower than normal),345,Slow
0890,3 HP ,"255 (33.3% with PokéBall, full HP)",0 (lower than normal),345,Slow
0891,1 Attack ,"3 (0.4% with PokéBall, full HP)",50 (normal),77,Slow
0892,3 Attack ,"3 (0.4% with PokéBall, full HP)",50 (normal),275,Slow
0892,3 Attack ,"3 (0.4% with PokéBall, full HP)",50 (normal),275,Slow
0893,3 Attack ,"3 (0.4% with PokéBall, full HP)",0 (lower than normal),300,Slow
0894,3 Speed ,"3 (0.4% with PokéBall, full HP)",35 (lower than normal),290,Slow
0895,3 HP ,"3 (0.4% with PokéBall, full HP)",35 (lower than normal),290,Slow
0896,3 Attack ,"3 (0.4% with PokéBall, full HP)",35 (lower than normal),290,Slow
0897,3 Sp. Atk ,"3 (0.4% with PokéBall, full HP)",35 (lower than normal),290,Slow
0898,3 HP ,"3 (0.4% with PokéBall, full HP)",100 (higher than normal),250,Slow
0898,3 HP ,"3 (0.4% with PokéBall, full HP)",100 (higher than normal),250,Slow
0898,3 HP ,"3 (0.4% with PokéBall, full HP)",100 (higher than normal),250,Slow
0899,"1 Attack, 1 Sp. Atk ","45 (5.9% with PokéBall, full HP)",50 (normal),263,Slow
0900,3 Attack ,"15 (2.0% with PokéBall, full HP)",50 (normal),175,Medium Fast
0901,3 Attack ,"20 (2.6% with PokéBall, full HP)",50 (normal),275,Medium Fast
0901,3 Attack ,"20 (2.6% with PokéBall, full HP)",50 (normal),275,Medium Fast
0902,3 HP ,"45 (5.9% with PokéBall, full HP)",50 (normal),265,Medium Fast
0902,3 HP ,"45 (5.9% with PokéBall, full HP)",50 (normal),265,Medium Fast
0903,2 Attack ,"20 (2.6% with PokéBall, full HP)",50 (normal),102,Medium Slow
0904,2 Attack ,"45 (5.9% with PokéBall, full HP)",50 (normal),179,Medium Fast
0905,3 Sp. Atk ,"3 (0.4% with PokéBall, full HP)",50 (normal),116,Slow
0905,3 Sp. Atk ,"3 (0.4% with PokéBall, full HP)",50 (normal),116,Slow
0906,1 Speed ,"45 (5.9% with PokéBall, full HP)",50 (normal),62,Medium Slow
0907,2 Speed ,"45 (5.9% with PokéBall, full HP)",50 (normal),144,Medium Slow
0908,3 Speed ,"45 (5.9% with PokéBall, full HP)",50 (normal),265,Medium Slow
0909,1 HP ,"45 (5.9% with PokéBall, full HP)",50 (normal),62,Medium Slow
0910,2 Sp. Atk ,"45 (5.9% with PokéBall, full HP)",50 (normal),144,Medium Slow
0911,3 Sp. Atk ,"45 (5.9% with PokéBall, full HP)",50 (normal),265,Medium Slow
0912,1 Attack ,"45 (5.9% with PokéBall, full HP)",50 (normal),62,Medium Slow
0913,2 Attack ,"45 (5.9% with PokéBall, full HP)",50 (normal),144,Medium Slow
0914,3 Attack ,"45 (5.9% with PokéBall, full HP)",50 (normal),265,Medium Slow
0915,1 HP ,"255 (33.3% with PokéBall, full HP)",50 (normal),51,Medium Fast
0916,2 HP ,"100 (13.1% with PokéBall, full HP)",50 (normal),171,Medium Fast
0916,2 HP ,"100 (13.1% with PokéBall, full HP)",50 (normal),171,Medium Fast
0917,1 Defense ,"255 (33.3% with PokéBall, full HP)",50 (normal),42,Erratic
0918,2 Defense ,"120 (15.7% with PokéBall, full HP)",50 (normal),141,Erratic
0919,1 Attack ,"190 (24.8% with PokéBall, full HP)",20 (lower than normal),42,Medium Fast
0920,2 Attack ,"30 (3.9% with PokéBall, full HP)",0 (lower than normal),158,Medium Fast
0921,1 Speed ,"190 (24.8% with PokéBall, full HP)",50 (normal),48,Medium Fast
0922,2 Speed ,"80 (10.5% with PokéBall, full HP)",50 (normal),123,Medium Fast
0923,3 Attack ,"45 (5.9% with PokéBall, full HP)",50 (normal),245,Medium Fast
0924,1 Speed ,"150 (19.6% with PokéBall, full HP)",50 (normal),61,Fast
0925,2 Speed ,"75 (9.8% with PokéBall, full HP)",50 (normal),165,Fast
0925,2 Speed ,"75 (9.8% with PokéBall, full HP)",50 (normal),165,Fast
0926,1 Speed ,"190 (24.8% with PokéBall, full HP)",50 (normal),62,Medium Slow
0927,2 Speed ,"90 (11.8% with PokéBall, full HP)",50 (normal),167,Medium Slow
0928,1 Sp. Atk ,"255 (33.3% with PokéBall, full HP)",50 (normal),52,Medium Slow
0929,2 Sp. Atk ,"120 (15.7% with PokéBall, full HP)",50 (normal),124,Medium Slow
0930,3 Sp. Atk ,"45 (5.9% with PokéBall, full HP)",50 (normal),255,Medium Slow
0931,1 Attack ,"190 (24.8% with PokéBall, full HP)",50 (normal),146,Erratic
0931,1 Attack ,"190 (24.8% with PokéBall, full HP)",50 (normal),146,Erratic
0931,1 Attack ,"190 (24.8% with PokéBall, full HP)",50 (normal),146,Erratic
0931,1 Attack ,"190 (24.8% with PokéBall, full HP)",50 (normal),146,Erratic
0932,1 Defense ,"255 (33.3% with PokéBall, full HP)",50 (normal),56,Medium Slow
0933,2 Defense ,"120 (15.7% with PokéBall, full HP)",50 (normal),124,Medium Slow
0934,3 Defense ,"45 (5.9% with PokéBall, full HP)",50 (normal),250,Medium Slow
0935,1 Sp. Atk ,"90 (11.8% with PokéBall, full HP)",50 (normal),51,Slow
0936,2 Sp. Atk ,"25 (3.3% with PokéBall, full HP)",20 (lower than normal),263,Slow
0937,2 Attack ,"25 (3.3% with PokéBall, full HP)",20 (lower than normal),263,Slow
0938,1 HP ,"190 (24.8% with PokéBall, full HP)",50 (normal),54,Medium Fast
0939,2 HP ,"50 (6.5% with PokéBall, full HP)",50 (normal),173,Medium Fast
0940,1 Speed ,"180 (23.5% with PokéBall, full HP)",50 (normal),56,Medium Slow
0941,2 Speed ,"90 (11.8% with PokéBall, full HP)",50 (normal),172,Medium Slow
0942,1 Attack ,"150 (19.6% with PokéBall, full HP)",50 (normal),68,Medium Slow
0943,2 Attack ,"75 (9.8% with PokéBall, full HP)",50 (normal),177,Medium Slow
0944,1 Speed ,"190 (24.8% with PokéBall, full HP)",50 (normal),58,Medium Slow
0945,2 Speed ,"90 (11.8% with PokéBall, full HP)",50 (normal),170,Medium Slow
0946,1 Attack ,"190 (24.8% with PokéBall, full HP)",50 (normal),55,Medium Fast
0947,2 Attack ,"45 (5.9% with PokéBall, full HP)",50 (normal),168,Medium Fast
0948,1 Sp. Def ,"190 (24.8% with PokéBall, full HP)",50 (normal),67,Medium Slow
0949,2 Sp. Def ,"90 (11.8% with PokéBall, full HP)",50 (normal),180,Medium Slow
0950,2 Defense ,"120 (15.7% with PokéBall, full HP)",50 (normal),158,Medium Fast
0951,1 Attack ,"190 (24.8% with PokéBall, full HP)",50 (normal),61,Medium Fast
0952,2 Attack ,"75 (9.8% with PokéBall, full HP)",50 (normal),170,Medium Fast
0953,1 Defense ,"190 (24.8% with PokéBall, full HP)",50 (normal),54,Fast
0954,2 Sp. Atk ,"45 (5.9% with PokéBall, full HP)",50 (normal),165,Fast
0955,1 Speed ,"120 (15.7% with PokéBall, full HP)",50 (normal),51,Medium Slow
0956,2 Speed ,"60 (7.8% with PokéBall, full HP)",50 (normal),168,Medium Slow
0957,1 Sp. Def ,"190 (24.8% with PokéBall, full HP)",50 (normal),59,Medium Slow
0958,2 Sp. Def ,"90 (11.8% with PokéBall, full HP)",50 (normal),133,Medium Slow
0959,3 Sp. Def ,"45 (5.9% with PokéBall, full HP)",50 (normal),253,Medium Slow
0960,1 Speed ,"255 (33.3% with PokéBall, full HP)",50 (normal),49,Medium Fast
0961,2 Speed ,"50 (6.5% with PokéBall, full HP)",50 (normal),149,Medium Fast
0962,2 Attack ,"25 (3.3% with PokéBall, full HP)",50 (normal),243,Slow
0963,1 Speed ,"200 (26.1% with PokéBall, full HP)",50 (normal),63,Slow
0964,2 HP ,"45 (5.9% with PokéBall, full HP)",50 (normal),160,Slow
0964,2 HP ,"45 (5.9% with PokéBall, full HP)",50 (normal),160,Slow
0965,1 Attack ,"190 (24.8% with PokéBall, full HP)",50 (normal),60,Medium Fast
0966,2 Attack ,"75 (9.8% with PokéBall, full HP)",50 (normal),175,Medium Fast
0967,2 Speed ,"190 (24.8% with PokéBall, full HP)",50 (normal),175,Medium Slow
0968,2 Defense ,"25 (3.3% with PokéBall, full HP)",50 (normal),240,Slow
0969,1 Sp. Atk ,"70 (9.1% with PokéBall, full HP)",50 (normal),70,Medium Slow
0970,2 Sp. Atk ,"25 (3.3% with PokéBall, full HP)",50 (normal),184,Medium Slow
0971,1 Attack ,"120 (15.7% with PokéBall, full HP)",50 (normal),58,Medium Slow
0972,2 Attack ,"60 (7.8% with PokéBall, full HP)",50 (normal),171,Medium Slow
0973,2 Attack ,"100 (13.1% with PokéBall, full HP)",50 (normal),175,Medium Slow
0974,1 HP ,"150 (19.6% with PokéBall, full HP)",50 (normal),67,Medium Slow
0975,2 HP ,"50 (6.5% with PokéBall, full HP)",50 (normal),182,Medium Slow
0976,2 Attack ,"100 (13.1% with PokéBall, full HP)",50 (normal),167,Fast
0977,3 HP ,"25 (3.3% with PokéBall, full HP)",50 (normal),265,Slow
0978,2 Sp. Atk ,"100 (13.1% with PokéBall, full HP)",50 (normal),166,Medium Slow
0978,2 Sp. Atk ,"100 (13.1% with PokéBall, full HP)",50 (normal),166,Medium Slow
0978,2 Sp. Atk ,"100 (13.1% with PokéBall, full HP)",50 (normal),166,Medium Slow
0979,3 Attack ,"45 (5.9% with PokéBall, full HP)",50 (normal),268,Medium Fast
0980,2 HP ,"90 (11.8% with PokéBall, full HP)",50 (normal),151,Medium Fast
0981,3 HP ,"45 (5.9% with PokéBall, full HP)",50 (normal),260,Medium Fast
0982,2 HP ,"45 (5.9% with PokéBall, full HP)",50 (normal),182,Medium Fast
0982,2 HP ,"45 (5.9% with PokéBall, full HP)",50 (normal),182,Medium Fast
0983,3 Attack ,"25 (3.3% with PokéBall, full HP)",50 (normal),275,Medium Fast
0984,3 Attack ,"30 (3.9% with PokéBall, full HP)",0 (lower than normal),285,Slow
0985,3 HP ,"50 (6.5% with PokéBall, full HP)",0 (lower than normal),285,Slow
0986,3 Attack ,"50 (6.5% with PokéBall, full HP)",0 (lower than normal),285,Slow
0987,"1 Sp. Atk, 1 Sp. Def, 1 Speed ","30 (3.9% with PokéBall, full HP)",0 (lower than normal),285,Slow
0988,3 Attack ,"30 (3.9% with PokéBall, full HP)",0 (lower than normal),285,Slow
0989,3 Sp. Atk ,"30 (3.9% with PokéBall, full HP)",0 (lower than normal),285,Slow
0990,3 Defense ,"30 (3.9% with PokéBall, full HP)",0 (lower than normal),285,Slow
0991,3 Speed ,"50 (6.5% with PokéBall, full HP)",0 (lower than normal),285,Slow
0992,3 Attack ,"50 (6.5% with PokéBall, full HP)",0 (lower than normal),285,Slow
0993,3 Sp. Atk ,"30 (3.9% with PokéBall, full HP)",0 (lower than normal),285,Slow
0994,3 Sp. Atk ,"30 (3.9% with PokéBall, full HP)",0 (lower than normal),285,Slow
0995,3 Attack ,"30 (3.9% with PokéBall, full HP)",0 (lower than normal),285,Slow
0996,1 Attack ,"45 (5.9% with PokéBall, full HP)",50 (normal),64,Slow
0997,2 Attack ,"25 (3.3% with PokéBall, full HP)",50 (normal),148,Slow
0998,3 Attack ,"10 (1.3% with PokéBall, full HP)",50 (normal),300,Slow
0999,1 Sp. Atk ,"45 (5.9% with PokéBall, full HP)",50 (normal),60,Slow
0999,1 Sp. Atk ,"45 (5.9% with PokéBall, full HP)",50 (normal),60,Slow
1000,2 Sp. Atk ,"45 (5.9% with PokéBall, full HP)",50 (normal),275,Slow
1001,3 Sp. Def ,"6 (0.8% with PokéBall, full HP)",0 (lower than normal),285,Slow
1002,3 Speed ,"6 (0.8% with PokéBall, full HP)",0 (lower than normal),285,Slow
1003,3 Defense ,"6 (0.8% with PokéBall, full HP)",0 (lower than normal),285,Slow
1004,3 Sp. Atk ,"6 (0.8% with PokéBall, full HP)",0 (lower than normal),285,Slow
1005,3 Attack ,"10 (1.3% with PokéBall, full HP)",0 (lower than normal),295,Slow
1006,3 Attack ,"10 (1.3% with PokéBall, full HP)",0 (lower than normal),295,Slow
1007,3 Attack ,"3 (0.4% with PokéBall, full HP)",0 (lower than normal),335,Slow
1008,3 Sp. Atk ,"3 (0.4% with PokéBall, full HP)",0 (lower than normal),335,Slow
1009,3 Sp. Atk ,"5 (0.7% with PokéBall, full HP)",—,—,Slow
1010,3 Attack ,"5 (0.7% with PokéBall, full HP)",—,—,Slow
1011,2 Defense ,"45 (5.9% with PokéBall, full HP)",—,—,Erratic
1012,1 Sp. Atk ,"120 (15.7% with PokéBall, full HP)",—,—,Medium Fast
1013,2 Sp. Atk ,"60 (7.8% with PokéBall, full HP)",—,—,Medium Fast
1014,3 Attack ,"3 (0.4% with PokéBall, full HP)",—,—,Slow
1015,3 Sp. Atk ,"3 (0.4% with PokéBall, full HP)",—,—,Slow
1016,3 Sp. Def ,"3 (0.4% with PokéBall, full HP)",—,—,Slow
1017,3 Attack ,"5 (0.7% with PokéBall, full HP)",—,—,Slow
1017,3 Attack ,"5 (0.7% with PokéBall, full HP)",—,—,Slow
1017,3 Attack ,"5 (0.7% with PokéBall, full HP)",—,—,Slow
1017,3 Attack ,"5 (0.7% with PokéBall, full HP)",—,—,Slow
1018,3 Defense ,"10 (1.3% with PokéBall, full HP)",—,—,Medium Fast
1019,3 Sp. Atk ,"10 (1.3% with PokéBall, full HP)",—,—,Erratic
1020,3 Defense ,"10 (1.3% with PokéBall, full HP)",—,—,Slow
1021,3 Sp. Atk ,"10 (1.3% with PokéBall, full HP)",—,—,Slow
1022,3 Speed ,"10 (1.3% with PokéBall, full HP)",—,—,Slow
1023,3 Sp. Atk ,"10 (1.3% with PokéBall, full HP)",—,—,Slow
1024,1 Defense ,"255 (33.3% with PokéBall, full HP)",—,—,Slow
1024,1 Defense ,"255 (33.3% with PokéBall, full HP)",—,—,Slow
1024,1 Defense ,"255 (33.3% with PokéBall, full HP)",—,—,Slow
1025,3 Defense ,"3 (0.4% with PokéBall, full HP)",—,—,Slow
